-- phpMyAdmin SQL Dump
-- version 5.2.1
-- https://www.phpmyadmin.net/
--
-- Host: 127.0.0.1
-- Generation Time: Oct 11, 2023 at 05:07 PM
-- Server version: 10.4.28-MariaDB
-- PHP Version: 8.2.4

SET SQL_MODE = "NO_AUTO_VALUE_ON_ZERO";
START TRANSACTION;
SET time_zone = "+00:00";


/*!40101 SET @OLD_CHARACTER_SET_CLIENT=@@CHARACTER_SET_CLIENT */;
/*!40101 SET @OLD_CHARACTER_SET_RESULTS=@@CHARACTER_SET_RESULTS */;
/*!40101 SET @OLD_COLLATION_CONNECTION=@@COLLATION_CONNECTION */;
/*!40101 SET NAMES utf8mb4 */;

--
-- Database: `voting`
--

-- --------------------------------------------------------

--
-- Table structure for table `acc`
--

CREATE TABLE `acc` (
  `Accno` varchar(3) NOT NULL,
  `Details` varchar(50) NOT NULL
) ENGINE=InnoDB DEFAULT CHARSET=utf8mb4 COLLATE=utf8mb4_general_ci;

--
-- Dumping data for table `acc`
--

INSERT INTO `acc` (`Accno`, `Details`) VALUES
('111', 'Mettupalayam'),
('116', 'Sulur'),
('117', 'Kavundampalayam'),
('118', 'Coimbatore (North)'),
('119', 'Thondamuthur'),
('120', 'Coimbatore (South)'),
('121', 'Singanallur'),
('122', 'Kinathukadavu'),
('123', 'Pollachi'),
('124', 'Valparai');

-- --------------------------------------------------------

--
-- Table structure for table `candidate`
--

CREATE TABLE `candidate` (
  `Epicid` varchar(10) NOT NULL,
  `Party` varchar(20) NOT NULL,
  `accno` varchar(30) NOT NULL
) ENGINE=InnoDB DEFAULT CHARSET=utf8mb4 COLLATE=utf8mb4_general_ci;

--
-- Dumping data for table `candidate`
--

INSERT INTO `candidate` (`Epicid`, `Party`, `accno`) VALUES
('WJB4470282', 'Dmk', '111'),
('WJB2154094', 'Aiadmk', '111'),
('SMP0334565', 'Bjp', '111'),
('WJB0140145', 'Ntk', '111'),
('WJB0301572', 'Dmk', '116'),
('WJB6605935', 'Aiadmk', '116'),
('WJB3944196', 'Bjp', '116'),
('JRT2444529', 'Ntk', '116'),
('WJB3944253', 'Dmk', '117'),
('JRT2444495', 'Aiadmk', '117'),
('WJB0841882', 'Bjp', '117'),
('WJB0226563', 'Ntk', '117'),
('WJB2541001', 'Dmk', '118'),
('JRT2547453', 'Aiadmk', '118'),
('WJB0226621', 'Bjp', '118'),
('JRT2443448', 'Ntk', '118'),
('WJB3945854', 'Dmk', '119'),
('WJB0301598', 'Aiadmk', '119'),
('WJB0139857', 'Bjp', '119'),
('WJB3433117', 'Ntk', '119'),
('WJB3944626', 'Dmk', '120'),
('WJB3944261', 'Aiadmk', '120'),
('WJB1099944', 'Bjp', '120'),
('WJB4083093', 'Ntk', '120'),
('WJB1850890', 'Dmk', '121'),
('IBU0724419', 'Aiadmk', '121'),
('WJB2540854', 'Bjp', '121'),
('WJB0520122', 'Ntk', '121'),
('JRT4152013', 'Dmk', '122'),
('WJB2154201', 'Aiadmk', '122'),
('WJB4563367', 'Bjp', '122'),
('WJB1358902', 'Ntk', '122'),
('JRT4168753', 'Dmk', '123'),
('WJB3250289', 'Aiadmk', '123'),
('WJB4574562', 'Bjp', '123'),
('WJB1851229', 'Ntk', '123'),
('WJB3177748', 'Dmk', '124'),
('WJB0301465', 'Aiadmk', '124'),
('WJB6605927', 'Bjp', '124'),
('WJB0140046', 'Ntk', '124');

-- --------------------------------------------------------

--
-- Table structure for table `voters`
--

CREATE TABLE `voters` (
  `Epicid` varchar(10) NOT NULL,
  `name` varchar(50) NOT NULL,
  `dob` date NOT NULL,
  `mobileno` varchar(10) NOT NULL,
  `address` varchar(200) NOT NULL,
  `wardno` varchar(3) NOT NULL,
  `Voted` varchar(10) DEFAULT NULL
) ENGINE=InnoDB DEFAULT CHARSET=utf8mb4 COLLATE=utf8mb4_general_ci;

--
-- Dumping data for table `voters`
--

INSERT INTO `voters` (`Epicid`, `name`, `dob`, `mobileno`, `address`, `wardno`, `Voted`) VALUES
('FJT2171841', 'Priya Raman', '1996-10-20', '9280928168', '51/17, Tulip Avenue, Singanallur, Coimbatore, 641005', '51', NULL),
('FRW1485531', 'Hari Verma', '1995-10-31', '9794223648', '56/44, Marigold Crescent, Gandhipuram, Coimbatore, 641012', '35', NULL),
('FYP2028967', 'Ramesh Raman', '1995-03-26', '8060745937', '34/38, Marigold Crescent, Gandhipuram, Coimbatore, 641012', '24', NULL),
('IBU0026252', 'Radha Iyengar', '1988-07-15', '9453367517', '48/13, Lavender Road, Peelamedu, Coimbatore, 641087', '10', NULL),
('IBU0724401', 'Divya Sundaram', '1970-01-01', '9665959492', '38/40, Lavender Road, Peelamedu, Coimbatore, 641087', '69', NULL),
('IBU0724419', 'Geetha Patel', '1971-01-23', '8955816508', '58/50, Orchid Road, Ramanathapuram, Coimbatore, 641045', '66', NULL),
('JBB6449144', 'Geetha Patel', '1977-01-12', '9320482467', '93/4300, Daisy Lane, Vadavalli, Coimbatore, 641041', '7', NULL),
('JRT1590710', 'Priya Iyengar', '1995-04-11', '9066165719', '38/26, Lavender Road, Peelamedu, Coimbatore, 641087', '69', NULL),
('JRT1590785', 'Geetha Patel', '1990-12-11', '8733440730', '32/24, Marigold Crescent, Gandhipuram, Coimbatore, 641012', '10', NULL),
('JRT1592773', 'Divya Sundaram', '1978-06-25', '8984498329', '41/38, Lavender Road, Peelamedu, Coimbatore, 641087', '17', NULL),
('JRT1995430', 'Divya Sundaram', '1989-02-08', '9433253926', '78/360, Aster Road, Saibaba Colony, Coimbatore, 641011', '75', NULL),
('JRT2097814', 'Santosh Menon', '1994-12-23', '8965529264', '65/29, Marigold Crescent, Gandhipuram, Coimbatore, 641012', '94', NULL),
('JRT2097897', 'Geetha Rajan', '1996-05-17', '9301637678', '60/23, Rose Lane, Ganapathy, Coimbatore, 641006', '2', NULL),
('JRT2098176', 'Divya Sundaram', '1995-03-29', '9341225548', '40/15, Lavender Road, Peelamedu, Coimbatore, 641087', '96', NULL),
('JRT2098291', 'Divya Patel', '1996-04-14', '9904792976', '88/36, Daisy Lane, Vadavalli, Coimbatore, 641041', '98', NULL),
('JRT2100048', 'Hari Nair', '1990-03-26', '9827656237', '56/24, Orchid Road, Ramanathapuram, Coimbatore, 641045', '61', NULL),
('JRT2100287', 'Santosh Patel', '1998-09-07', '9702403563', '87/45, Daisy Lane, Vadavalli, Coimbatore, 641041', '94', NULL),
('JRT2100394', 'Hari Rajagopal', '1992-10-18', '9643854281', '77/22, Orchid Road, Ramanathapuram, Coimbatore, 641045', '21', NULL),
('JRT2100436', 'Hari Iyengar', '1999-02-19', '9103213892', '76/32, Aster Road, Saibaba Colony, Coimbatore, 641011', '92', NULL),
('JRT2100519', 'Priya Raghavan', '1997-09-14', '9789279672', '40/22, Lavender Road, Peelamedu, Coimbatore, 641087', '52', NULL),
('JRT2100717', 'Hari Iyengar', '1989-12-19', '9380495253', '40/20, Lavender Road, Peelamedu, Coimbatore, 641087', '28', NULL),
('JRT2100774', 'Ramesh Verma', '1992-03-22', '9574839591', '33/24, Tulip Avenue, Singanallur, Coimbatore, 641005', '64', NULL),
('JRT2100931', 'Priya Iyengar', '1995-11-30', '8621373775', '75/36, Aster Road, Saibaba Colony, Coimbatore, 641011', '71', NULL),
('JRT2100956', 'Ramesh Patel', '1997-10-12', '9845008979', '57/18, Rose Lane, Ganapathy, Coimbatore, 641006', '77', NULL),
('JRT2101046', 'Nalini Patel', '1992-02-11', '8918240294', '70/32, Tulip Avenue, Singanallur, Coimbatore, 641005', '82', NULL),
('JRT2101152', 'Sneha Rao', '1991-07-04', '9452013330', '75/22, Orchid Road, Ramanathapuram, Coimbatore, 641045', '40', NULL),
('JRT2101202', 'Ramesh Sundaram', '1996-11-19', '8424117465', '58/25, Orchid Road, Ramanathapuram, Coimbatore, 641045', '16', NULL),
('JRT2101343', 'Sneha Raman', '1999-01-11', '9930288417', '75/33, Aster Road, Saibaba Colony, Coimbatore, 641011', '46', NULL),
('JRT2101384', 'Santosh Patel', '1993-02-28', '8251498773', '35/17, Lavender Road, Peelamedu, Coimbatore, 641087', '80', NULL),
('JRT2101442', 'Divya Sundaram', '1995-12-01', '9543335420', '79/40, Daisy Lane, Vadavalli, Coimbatore, 641041', '20', NULL),
('JRT2102200', 'Ramesh Verma', '1996-01-23', '8213087412', '46/26, Lily Close, Tidel Park, Coimbatore, 641014', '17', NULL),
('JRT2103448', 'Santosh Menon', '1995-10-19', '9948952288', '62/25, Rose Lane, Ganapathy, Coimbatore, 641006', '81', NULL),
('JRT2103588', 'Sneha Raman', '1992-09-19', '8186509335', '65/31, Marigold Crescent, Gandhipuram, Coimbatore, 641012', '74', NULL),
('JRT2103638', 'Hari Patel', '1990-02-05', '8125847880', '77/20, Orchid Road, Ramanathapuram, Coimbatore, 641045', '43', NULL),
('JRT2103901', 'Ramesh Patel', '1996-11-23', '9171503003', '65/20, Tulip Avenue, Singanallur, Coimbatore, 641005', '57', NULL),
('JRT2104073', 'Priya Rao', '1994-06-08', '9896110108', '75/19, Lavender Road, Peelamedu, Coimbatore, 641087', '20', NULL),
('JRT2104248', 'Geetha Menon', '1994-02-02', '9761768195', '48/25, Lily Close, Tidel Park, Coimbatore, 641014', '41', NULL),
('JRT2104297', 'Santosh Menon', '1991-08-06', '9006765896', '65/25, Lily Close, Tidel Park, Coimbatore, 641014', '78', NULL),
('JRT2104529', 'Hari Verma', '2001-08-24', '9636698091', '59/21, Rose Lane, Ganapathy, Coimbatore, 641006', '40', NULL),
('JRT2207702', 'Santosh Krishnan', '1975-07-06', '8591809731', '47/48, Lily Close, Tidel Park, Coimbatore, 641014', '80', NULL),
('JRT2276921', 'Divya Sundaram', '1993-03-24', '9073548524', '79/46, Daisy Lane, Vadavalli, Coimbatore, 641041', '7', NULL),
('JRT2276939', 'Vinod Iyengar', '1997-09-20', '9220098115', '27/22, Sunflower Street, RS Puram, Coimbatore, 641002', '42', NULL),
('JRT2276954', 'Hari Verma', '1998-01-21', '8900920353', '44/30, Aster Road, Saibaba Colony, Coimbatore, 641011', '80', NULL),
('JRT2286243', 'Priya Iyengar', '1999-03-14', '8502678718', '69/46, Rose Lane, Ganapathy, Coimbatore, 641006', '52', NULL),
('JRT2286250', 'Hari Menon', '2000-08-25', '8389354389', '65/48, Marigold Crescent, Gandhipuram, Coimbatore, 641012', '32', NULL),
('JRT2427193', 'Nalini Patel', '1992-07-25', '9402135804', '74/44, Tulip Avenue, Singanallur, Coimbatore, 641005', '91', NULL),
('JRT2439420', 'Sneha Sundaram', '1991-05-16', '8374267176', '88/30, Orchid Road, Ramanathapuram, Coimbatore, 641045', '59', NULL),
('JRT2440220', 'Vinod Sundaram', '1988-07-01', '8312123447', '29/12, Sunflower Street, RS Puram, Coimbatore, 641002', '90', NULL),
('JRT2441020', 'Ramesh Raman', '1990-07-02', '9161967708', '63/25, Lily Close, Tidel Park, Coimbatore, 641014', '31', NULL),
('JRT2441061', 'Geetha Raghavan', '1998-12-23', '9268472348', '54/17, Rose Lane, Ganapathy, Coimbatore, 641006', '47', NULL),
('JRT2442010', 'Priya Iyengar', '1990-04-27', '9388011795', '78/46, Aster Road, Saibaba Colony, Coimbatore, 641011', '27', NULL),
('JRT2442374', 'Priya Sundaram', '1994-08-02', '9726430588', '51/20, Rose Lane, Ganapathy, Coimbatore, 641006', '61', NULL),
('JRT2442499', 'Vinod Menon', '1992-12-10', '8895835305', '85/36, Orchid Road, Ramanathapuram, Coimbatore, 641045', '31', NULL),
('JRT2442523', 'Santosh Raghavan', '1993-05-21', '9900584159', '42/15, Aster Road, Saibaba Colony, Coimbatore, 641011', '7', NULL),
('JRT2442549', 'Revathi Iyengar', '1999-02-22', '8933249679', '40/14, Aster Road, Saibaba Colony, Coimbatore, 641011', '58', NULL),
('JRT2442770', 'Sneha Raghavan', '1996-10-17', '9557090643', '70/34, Tulip Avenue, Singanallur, Coimbatore, 641005', '14', NULL),
('JRT2442911', 'Geetha Kumar', '2000-08-17', '8694455942', '78/19, Rose Lane, Ganapathy, Coimbatore, 641006', '83', NULL),
('JRT2443018', 'Revathi Verma', '1994-04-16', '9288512558', '80/20, Aster Road, Saibaba Colony, Coimbatore, 641011', '66', NULL),
('JRT2443026', 'Suresh Kumar', '1995-02-02', '9416600866', '71/17, Tulip Avenue, Singanallur, Coimbatore, 641005', '44', NULL),
('JRT2443042', 'Naveen Raghavan', '2000-03-14', '8468751729', '61/15, Sunflower Street, RS Puram, Coimbatore, 641002', '89', NULL),
('JRT2443067', 'Manoj Rao', '1991-10-14', '9871680263', '73/19, Rose Lane, Ganapathy, Coimbatore, 641006', '46', NULL),
('JRT2443117', 'Rajesh Raman', '1999-11-08', '9781108778', '75/20, Orchid Road, Ramanathapuram, Coimbatore, 641045', '79', NULL),
('JRT2443174', 'Suresh Verma', '1987-10-14', '8365489049', '72/20, Daisy Lane, Vadavalli, Coimbatore, 641041', '68', NULL),
('JRT2443208', 'Revathi Patel', '1990-08-10', '9883784081', '66/18, Marigold Crescent, Gandhipuram, Coimbatore, 641012', '88', NULL),
('JRT2443299', 'Priya Nair', '1994-05-13', '8728120840', '63/18, Rose Lane, Ganapathy, Coimbatore, 641006', '30', NULL),
('JRT2443380', 'Hari Raman', '1998-01-18', '8404854345', '47/16, Lavender Road, Peelamedu, Coimbatore, 641087', '27', NULL),
('JRT2443422', 'Priya Sundaram', '1988-05-04', '8520362283', '39/15, Lavender Road, Peelamedu, Coimbatore, 641087', '9', NULL),
('JRT2443448', 'Vinod Menon', '1997-08-31', '8994555203', '52/16, Marigold Crescent, Gandhipuram, Coimbatore, 641012', '39', NULL),
('JRT2443489', 'Maya Iyer', '2000-04-01', '8110183535', '71/22, Tulip Avenue, Singanallur, Coimbatore, 641005', '12', NULL),
('JRT2443521', 'Nalini Iyengar', '1995-02-01', '8528786374', '34/13, Sunflower Street, RS Puram, Coimbatore, 641002', '4', NULL),
('JRT2443539', 'Radha Balakrishnan', '1998-02-11', '8285921112', '60/15, Jasmine Street, Tidel Park, Coimbatore, 641014', '71', NULL),
('JRT2443547', 'Santosh Iyengar', '1999-12-07', '8049878471', '37/9, Marigold Crescent, Peelamedu, Coimbatore, 641087', '72', NULL),
('JRT2443562', 'Divya Nair', '1994-12-11', '9145186400', '44/15, Aster Road, Saibaba Colony, Coimbatore, 641011', '14', NULL),
('JRT2443596', 'Ramesh Nair', '1995-01-04', '9813435852', '29/13, Sunflower Street, RS Puram, Coimbatore, 641002', '91', NULL),
('JRT2443604', 'Priya Nair', '1997-02-02', '9139785911', '64/23, Marigold Crescent, Gandhipuram, Coimbatore, 641012', '10', NULL),
('JRT2443893', 'Vinod Menon', '2000-11-06', '8535425418', '89/43, Daisy Lane, Vadavalli, Coimbatore, 641041', '42', NULL),
('JRT2444099', 'Divya Raghavan', '1989-09-13', '8147039063', '60/25, Rose Lane, Ganapathy, Coimbatore, 641006', '15', NULL),
('JRT2444107', 'Santosh Iyengar', '1993-08-12', '9569065994', '60/26, Orchid Road, Ramanathapuram, Coimbatore, 641045', '88', NULL),
('JRT2444180', 'Hari Patel', '1997-03-16', '8861928379', '87/50, Daisy Lane, Vadavalli, Coimbatore, 641041', '84', NULL),
('JRT2444222', 'Vinod Raman', '1998-02-22', '8740824214', '88/55, Daisy Lane, Vadavalli, Coimbatore, 641041', '10', NULL),
('JRT2444263', 'Hari Sundaram', '1995-04-21', '8422726918', '76/36, Aster Road, Saibaba Colony, Coimbatore, 641011', '61', NULL),
('JRT2444297', 'Geetha Patel', '1994-03-17', '8296251526', '29/18, Sunflower Street, RS Puram, Coimbatore, 641002', '82', NULL),
('JRT2444313', 'Priya Sundaram', '1993-07-08', '9737516085', '73/34, Aster Road, Saibaba Colony, Coimbatore, 641011', '79', NULL),
('JRT2444321', 'Divya Verma', '1997-10-29', '8350955031', '35/18, Lavender Road, Peelamedu, Coimbatore, 641087', '44', NULL),
('JRT2444347', 'Santosh Menon', '1998-03-05', '8523800086', '45/23, Lily Close, Tidel Park, Coimbatore, 641014', '44', NULL),
('JRT2444388', 'Nalini Patel', '1990-07-05', '9104608013', '40/26, Lavender Road, Peelamedu, Coimbatore, 641087', '59', NULL),
('JRT2444404', 'Divya Patel', '1997-02-14', '8898224220', '60/28, Orchid Road, Ramanathapuram, Coimbatore, 641045', '36', NULL),
('JRT2444438', 'Hari Rajagopal', '1992-03-30', '8230477470', '40/24, Lavender Road, Peelamedu, Coimbatore, 641087', '11', NULL),
('JRT2444446', 'Ramesh Verma', '1995-09-28', '8448498192', '33/22, Tulip Avenue, Singanallur, Coimbatore, 641005', '49', NULL),
('JRT2444479', 'Geetha Verma', '1991-05-16', '8557051582', '52/25, Tulip Avenue, Singanallur, Coimbatore, 641005', '38', NULL),
('JRT2444495', 'Ramesh Verma', '1996-08-28', '9569944665', '38/22, Lavender Road, Peelamedu, Coimbatore, 641087', '29', NULL),
('JRT2444503', 'Vinod Menon', '1998-12-21', '9295386239', '63/31, Lily Close, Tidel Park, Coimbatore, 641014', '44', NULL),
('JRT2444529', 'Priya Raghavan', '1994-09-26', '8275103651', '44/24, Aster Road, Saibaba Colony, Coimbatore, 641011', '17', NULL),
('JRT2444594', 'Ramesh Sundaram', '1995-09-09', '8562582116', '73/31, Aster Road, Saibaba Colony, Coimbatore, 641011', '99', 'Aiadmk'),
('JRT2444792', 'Geetha Verma', '1990-03-18', '8884897248', '47/23, Lily Close, Tidel Park, Coimbatore, 641014', '100', NULL),
('JRT2444818', 'Vinod Patel', '1996-03-19', '8967194920', '64/35, Rose Lane, Ganapathy, Coimbatore, 641006', '51', NULL),
('JRT2444875', 'Ramesh Raman', '1990-05-27', '9292143612', '46/29, Lavender Road, Peelamedu, Coimbatore, 641087', '74', NULL),
('JRT2444917', 'Nalini Patel', '1994-01-07', '8843907077', '85/44, Orchid Road, Ramanathapuram, Coimbatore, 641045', '54', NULL),
('JRT2444933', 'Santosh Sundaram', '1997-03-21', '8369033513', '74/40, Tulip Avenue, Singanallur, Coimbatore, 641005', '96', NULL),
('JRT2444941', 'Divya Verma', '1993-03-09', '8514175347', '65/33, Marigold Crescent, Gandhipuram, Coimbatore, 641012', '39', NULL),
('JRT2547453', 'Arvind Kumar', '2001-02-27', '8756963234', '43/11, Sunflower Street, RS Puram, Coimbatore, 641002', '33', NULL),
('JRT2547479', 'Divya Raghavan', '1992-12-03', '9549773149', '47/14, Marigold Crescent, Gandhipuram, Coimbatore, 641012', '88', NULL),
('JRT2547487', 'Geetha Nair', '2001-10-11', '8527736866', '45/12, Lavender Road, Peelamedu, Coimbatore, 641087', '67', NULL),
('JRT2548188', 'Nalini Verma', '1987-10-29', '8825473054', '37/14, Aster Road, Saibaba Colony, Coimbatore, 641011', '11', NULL),
('JRT2548220', 'Divya Nair', '2001-07-29', '8479637640', '90/32, Lily Close, Tidel Park, Coimbatore, 641014', '64', NULL),
('JRT2548246', 'Vinod Krishnan', '1995-09-09', '9635762145', '26/13, Sunflower Street, RS Puram, Coimbatore, 641002', '56', NULL),
('JRT2548295', 'Divya Iyengar', '1994-12-06', '9907901964', '33/16, Marigold Crescent, Gandhipuram, Coimbatore, 641012', '9', NULL),
('JRT2548311', 'Ramesh Patel', '1990-09-05', '8609116312', '27/14, Sunflower Street, RS Puram, Coimbatore, 641002', '91', NULL),
('JRT2548352', 'Santosh Rajan', '1999-11-25', '8978749653', '86/30, Daisy Lane, Vadavalli, Coimbatore, 641041', '26', NULL),
('JRT2548394', 'Priya Krishnan', '1991-10-05', '8637297690', '42/17, Lily Close, Tidel Park, Coimbatore, 641014', '44', NULL),
('JRT2548410', 'Santosh Nair', '1999-02-18', '8630468736', '90/37, Daisy Lane, Vadavalli, Coimbatore, 641041', '2', NULL),
('JRT2548451', 'Divya Rajagopal', '1992-09-03', '8586162434', '36/17, Lavender Road, Peelamedu, Coimbatore, 641087', '38', NULL),
('JRT2548527', 'Arvind Patel', '1989-10-15', '9588164973', '57/21, Orchid Road, Ramanathapuram, Coimbatore, 641045', '95', NULL),
('JRT2548642', 'Vinod Rajagopal', '1996-08-25', '8206438086', '48/24, Lily Close, Tidel Park, Coimbatore, 641014', '14', NULL),
('JRT2548790', 'Geetha Verma', '1991-12-10', '8321409625', '57/28, Orchid Road, Ramanathapuram, Coimbatore, 641045', '45', NULL),
('JRT2548873', 'Santosh Patel', '1992-10-15', '9912951612', '76/34, Aster Road, Saibaba Colony, Coimbatore, 641011', '49', NULL),
('JRT2548881', 'Sneha Sundaram', '1998-06-28', '9288897231', '57/26, Orchid Road, Ramanathapuram, Coimbatore, 641045', '81', NULL),
('JRT2548915', 'Santosh Verma', '1998-07-21', '8642319568', '87/53, Daisy Lane, Vadavalli, Coimbatore, 641041', '7', NULL),
('JRT2548923', 'Priya Sundaram', '1996-08-03', '9987572379', '78/35, Aster Road, Saibaba Colony, Coimbatore, 641011', '89', NULL),
('JRT2548949', 'Geetha Rajan', '1994-05-14', '9334496839', '42/22, Lily Close, Tidel Park, Coimbatore, 641014', '9', NULL),
('JRT2549061', 'Santosh Krishnan', '1998-08-31', '8647689017', '31/22, Sunflower Street, RS Puram, Coimbatore, 641002', '89', NULL),
('JRT2549095', 'Geetha Verma', '1994-09-06', '9782132157', '76/44, Aster Road, Saibaba Colony, Coimbatore, 641011', '12', NULL),
('JRT2636413', 'Ramesh Raman', '1994-09-14', '8788211877', '88/108, Daisy Lane, Vadavalli, Coimbatore, 641041', '27', NULL),
('JRT2636447', 'Santosh Krishnan', '1991-07-06', '9383124233', '63/39, Lily Close, Tidel Park, Coimbatore, 641014', '74', NULL),
('JRT2636504', 'Nalini Patel', '2000-08-01', '9017677547', '29/23, Sunflower Street, RS Puram, Coimbatore, 641002', '64', NULL),
('JRT2683779', 'Hari Verma', '1982-02-14', '8909516600', '29/26, Sunflower Street, RS Puram, Coimbatore, 641002', '34', NULL),
('JRT2686657', 'Hari Sundaram', '1993-05-09', '9418422967', '58/27, Orchid Road, Ramanathapuram, Coimbatore, 641045', '49', NULL),
('JRT2692382', 'Sneha Nair', '2000-02-10', '8995871579', '73/18, Lavender Road, Peelamedu, Coimbatore, 641087', '92', NULL),
('JRT2758266', 'Divya Sundaram', '1992-02-03', '8952362639', '70/62, Tulip Avenue, Singanallur, Coimbatore, 641005', '15', NULL),
('JRT2758274', 'Priya Patel', '1990-11-13', '8792117117', '31/13, Marigold Crescent, Gandhipuram, Coimbatore, 641012', '20', NULL),
('JRT2758290', 'Divya Patel', '1991-10-03', '8559974767', '88/63, Daisy Lane, Vadavalli, Coimbatore, 641041', '96', NULL),
('JRT3914413', 'Priya Iyengar', '1995-01-22', '8411431671', '76/60, Aster Road, Saibaba Colony, Coimbatore, 641011', '4', NULL),
('JRT4149613', 'Vinod Iyengar', '1993-10-29', '8187962729', '90/4000, Daisy Lane, Vadavalli, Coimbatore, 641041', '14', NULL),
('JRT4149621', 'Ramesh Raman', '1978-06-26', '8205626108', '36/48, Lavender Road, Peelamedu, Coimbatore, 641087', '87', NULL),
('JRT4151460', 'Divya Sundaram', '1997-09-06', '9842688417', '51/60, Rose Lane, Ganapathy, Coimbatore, 641006', '88', NULL),
('JRT4151478', 'Sneha Raghavan', '1970-04-24', '9903692350', '38/46, Lavender Road, Peelamedu, Coimbatore, 641087', '19', NULL),
('JRT4152013', 'Santosh Krishnan', '1999-05-13', '9742064489', '73/260, Aster Road, Saibaba Colony, Coimbatore, 641011', '79', NULL),
('JRT4152096', 'Priya Iyengar', '1971-06-10', '9295810972', '85/84, Orchid Road, Ramanathapuram, Coimbatore, 641045', '56', NULL),
('JRT4153250', 'Santosh Sundaram', '1978-11-25', '8951680951', '74/82, Tulip Avenue, Singanallur, Coimbatore, 641005', '63', NULL),
('JRT4153268', 'Ramesh Raman', '1980-07-29', '9206816415', '42/42, Lily Close, Tidel Park, Coimbatore, 641014', '35', NULL),
('JRT4153953', 'Santosh Krishnan', '1977-01-12', '9170316958', '41/44, Lavender Road, Peelamedu, Coimbatore, 641087', '53', NULL),
('JRT4167334', 'Sneha Raman', '2001-10-13', '9054949708', '89/26, Lily Close, Tidel Park, Coimbatore, 641014', '29', NULL),
('JRT4167433', 'Ramesh Verma', '2001-02-14', '8997472232', '42/26, Lily Close, Tidel Park, Coimbatore, 641014', '73', NULL),
('JRT4167482', 'Ramesh Sundaram', '1988-08-09', '9242728553', '41/17, Lavender Road, Peelamedu, Coimbatore, 641087', '42', NULL),
('JRT4167540', 'Vinod Iyer', '2003-02-24', '8898802044', '60/17, Rose Lane, Ganapathy, Coimbatore, 641006', '87', NULL),
('JRT4167557', 'Santosh Patel', '2000-10-07', '9190143724', '27/19, Sunflower Street, RS Puram, Coimbatore, 641002', '46', NULL),
('JRT4167599', 'Hari Menon', '1999-06-16', '9197707432', '74/34, Tulip Avenue, Singanallur, Coimbatore, 641005', '44', NULL),
('JRT4167615', 'Hari Verma', '1994-10-29', '9524646062', '72/23, Rose Lane, Ganapathy, Coimbatore, 641006', '45', NULL),
('JRT4167698', 'Geetha Menon', '1996-03-19', '8134883021', '44/18, Lily Close, Tidel Park, Coimbatore, 641014', '90', NULL),
('JRT4167706', 'Nalini Sundaram', '1999-08-13', '8757629444', '35/16, Lavender Road, Peelamedu, Coimbatore, 641087', '60', NULL),
('JRT4167722', 'Priya Raman', '1992-02-16', '8719361365', '79/24, Orchid Road, Ramanathapuram, Coimbatore, 641045', '33', NULL),
('JRT4167730', 'Hari Verma', '1999-05-03', '9559931497', '89/29, Lily Close, Tidel Park, Coimbatore, 641014', '89', NULL),
('JRT4167748', 'Ramesh Patel', '2000-10-10', '9462456491', '79/34, Daisy Lane, Vadavalli, Coimbatore, 641041', '43', NULL),
('JRT4167755', 'Priya Iyengar', '1996-06-22', '8757344738', '69/40, Rose Lane, Ganapathy, Coimbatore, 641006', '54', NULL),
('JRT4167771', 'Ramesh Sundaram', '1995-07-30', '8575243661', '58/21, Orchid Road, Ramanathapuram, Coimbatore, 641045', '2', NULL),
('JRT4167789', 'Geetha Verma', '1998-08-19', '9774322295', '70/30, Tulip Avenue, Singanallur, Coimbatore, 641005', '75', NULL),
('JRT4167797', 'Ramesh Raman', '1995-09-02', '9402213411', '35/21, Lavender Road, Peelamedu, Coimbatore, 641087', '9', NULL),
('JRT4167805', 'Hari Verma', '1992-12-04', '8662736021', '70/38, Tulip Avenue, Singanallur, Coimbatore, 641005', '77', NULL),
('JRT4167813', 'Divya Verma', '1993-07-22', '9571571457', '31/18, Sunflower Street, RS Puram, Coimbatore, 641002', '4', NULL),
('JRT4167862', 'Vinod Sundaram', '1993-05-22', '9767299379', '45/17, Lily Close, Tidel Park, Coimbatore, 641014', '82', NULL),
('JRT4167870', 'Priya Sundaram', '1994-01-28', '8560067449', '87/40, Daisy Lane, Vadavalli, Coimbatore, 641041', '12', NULL),
('JRT4167912', 'Santosh Verma', '2000-08-26', '8166566881', '34/21, Marigold Crescent, Gandhipuram, Coimbatore, 641012', '2', NULL),
('JRT4168118', 'Divya Sharma', '1988-02-07', '8051272782', '71/20, Daisy Lane, Vadavalli, Coimbatore, 641041', '51', NULL),
('JRT4168258', 'Santosh Krishnan', '1996-03-01', '9891992062', '30/22, Sunflower Street, RS Puram, Coimbatore, 641002', '23', NULL),
('JRT4168290', 'Revathi Sundaram', '1990-11-04', '9874456781', '49/15, Lavender Road, Peelamedu, Coimbatore, 641087', '7', NULL),
('JRT4168316', 'Santosh Krishnan', '1990-10-17', '9336624043', '58/35, Orchid Road, Ramanathapuram, Coimbatore, 641045', '70', NULL),
('JRT4168324', 'Vinod Iyengar', '1989-01-03', '8194697045', '52/17, Sunflower Street, RS Puram, Coimbatore, 641002', '6', NULL),
('JRT4168357', 'Sneha Rajan', '1996-11-05', '9882397723', '64/20, Daisy Lane, Vadavalli, Coimbatore, 641041', '68', NULL),
('JRT4168373', 'Priya Raman', '2000-08-10', '8395380375', '47/19, Lily Close, Tidel Park, Coimbatore, 641014', '84', NULL),
('JRT4168381', 'Vinod Iyengar', '1988-09-16', '8615059678', '48/19, Rose Lane, Ganapathy, Coimbatore, 641006', '11', NULL),
('JRT4168407', 'Sneha Sundaram', '1994-07-21', '8042341234', '39/18, Lavender Road, Peelamedu, Coimbatore, 641087', '69', NULL),
('JRT4168415', 'Hari Patel', '2001-03-31', '9097714441', '74/26, Tulip Avenue, Singanallur, Coimbatore, 641005', '9', NULL),
('JRT4168506', 'Sneha Raghavan', '1995-07-21', '8322039734', '64/37, Rose Lane, Ganapathy, Coimbatore, 641006', '75', NULL),
('JRT4168522', 'Santosh Rajagopal', '1992-09-01', '8550009628', '45/16, Lily Close, Tidel Park, Coimbatore, 641014', '13', NULL),
('JRT4168555', 'Nalini Rajagopal', '1997-03-24', '8273631722', '44/25, Aster Road, Saibaba Colony, Coimbatore, 641011', '41', NULL),
('JRT4168589', 'Ramesh Verma', '1988-02-27', '8955917402', '67/26, Lily Close, Tidel Park, Coimbatore, 641014', '89', NULL),
('JRT4168621', 'Kavitha Patel', '1996-08-15', '8352793179', '80/23, Lily Close, Tidel Park, Coimbatore, 641014', '24', NULL),
('JRT4168639', 'Santosh Patel', '1992-08-03', '9060548750', '75/42, Aster Road, Saibaba Colony, Coimbatore, 641011', '93', NULL),
('JRT4168654', 'Santosh Krishnan', '1999-07-23', '9169909480', '71/24, Aster Road, Saibaba Colony, Coimbatore, 641011', '17', NULL),
('JRT4168662', 'Santosh Rajagopal', '1998-11-20', '9003169719', '28/15, Sunflower Street, RS Puram, Coimbatore, 641002', '84', NULL),
('JRT4168712', 'Vinod Krishnan', '1998-11-18', '8562452946', '38/20, Lavender Road, Peelamedu, Coimbatore, 641087', '25', NULL),
('JRT4168720', 'Manoj Naidu', '1992-05-24', '9087706479', '32/12, Lavender Road, Peelamedu, Coimbatore, 641087', '31', NULL),
('JRT4168753', 'Arvind Raman', '2000-03-05', '8707970314', '36/16, Lavender Road, Peelamedu, Coimbatore, 641087', '83', NULL),
('JRT4168779', 'Divya Patel', '1990-12-27', '9309228804', '51/28, Rose Lane, Ganapathy, Coimbatore, 641006', '43', NULL),
('JRT4168787', 'Divya Raman', '1992-12-15', '9667554459', '38/17, Lavender Road, Peelamedu, Coimbatore, 641087', '57', NULL),
('JRT4168803', 'Divya Patel', '1999-09-06', '9789861272', '30/21, Sunflower Street, RS Puram, Coimbatore, 641002', '4', NULL),
('JRT4168944', 'Geetha Raghavan', '1997-11-21', '9769002801', '78/30, Aster Road, Saibaba Colony, Coimbatore, 641011', '66', NULL),
('JRT4168993', 'Vinod Rajagopal', '2001-10-08', '9222887090', '30/15, Sunflower Street, RS Puram, Coimbatore, 641002', '37', NULL),
('JRT4169025', 'Ramesh Sundaram', '1998-09-16', '9792319124', '57/30, Orchid Road, Ramanathapuram, Coimbatore, 641045', '80', NULL),
('JRT4169058', 'Arvind Verma', '1995-03-25', '9390233961', '73/22, Aster Road, Saibaba Colony, Coimbatore, 641011', '72', NULL),
('JRT4169082', 'Manoj Iyengar', '1996-10-15', '9601563952', '27/11, Marigold Crescent, Gandhipuram, Coimbatore, 641012', '25', NULL),
('JRT4169108', 'Sneha Krishnan', '1996-07-28', '8235870687', '75/31, Aster Road, Saibaba Colony, Coimbatore, 641011', '39', NULL),
('JRT4169140', 'Sneha Sundaram', '1996-07-15', '8447654379', '68/19, Tulip Avenue, Singanallur, Coimbatore, 641005', '64', NULL),
('JRT4169215', 'Karthik Menon', '1998-08-01', '9819557034', '82/24, Orchid Road, Ramanathapuram, Coimbatore, 641045', '16', NULL),
('JRT4169223', 'Kavitha Raman', '1993-02-20', '8503587167', '38/14, Lavender Road, Peelamedu, Coimbatore, 641087', '90', NULL),
('JRT4169231', 'Divya Iyengar', '1994-04-20', '9572731090', '30/19, Sunflower Street, RS Puram, Coimbatore, 641002', '41', NULL),
('JRT4169249', 'Geetha Verma', '1993-12-18', '8421841700', '44/22, Aster Road, Saibaba Colony, Coimbatore, 641011', '86', NULL),
('JRT4169272', 'Divya Sundaram', '1988-12-05', '8538549213', '26/14, Sunflower Street, RS Puram, Coimbatore, 641002', '71', NULL),
('JRT4169280', 'Santosh Iyer', '1993-01-20', '9907751900', '67/23, Lily Close, Tidel Park, Coimbatore, 641014', '71', NULL),
('JRT4169397', 'Vinod Patel', '1998-07-12', '9036385038', '73/23, Daisy Lane, Vadavalli, Coimbatore, 641041', '61', NULL),
('JRT4169405', 'Priya Iyengar', '1993-10-13', '8607739794', '48/26, Lily Close, Tidel Park, Coimbatore, 641014', '78', NULL),
('JRT4169413', 'Ramesh Krishnan', '1990-09-18', '8632165555', '86/42, Daisy Lane, Vadavalli, Coimbatore, 641041', '55', NULL),
('JRT4169470', 'Ananya Raghav', '1993-03-19', '9799121706', '50/12, Orchid Road, Ramanathapuram, Coimbatore, 641045', '45', NULL),
('JRT4169488', 'Mani Iyer', '1997-01-31', '8084857469', '32/8, Orchid Road, Ramanathapuram, Coimbatore, 641045', '48', NULL),
('JRT4169538', 'Vinod Raman', '1993-01-24', '9857113468', '31/19, Sunflower Street, RS Puram, Coimbatore, 641002', '69', NULL),
('JRT4169637', 'Sneha Raghavan', '1999-01-13', '8446433589', '45/26, Lily Close, Tidel Park, Coimbatore, 641014', '47', NULL),
('JRT4169769', 'Arvind Menon', '1994-05-12', '8896085430', '42/16, Aster Road, Saibaba Colony, Coimbatore, 641011', '94', NULL),
('JRT4169835', 'Nalini Rajagopal', '1998-11-05', '8185390590', '79/23, Orchid Road, Ramanathapuram, Coimbatore, 641045', '78', NULL),
('JRT4169843', 'Santosh Menon', '1989-06-25', '9564720990', '71/21, Sunflower Street, RS Puram, Coimbatore, 641002', '48', NULL),
('JRT4169934', 'Geetha Rajagopal', '1991-04-12', '8305400724', '54/26, Marigold Crescent, Gandhipuram, Coimbatore, 641012', '79', NULL),
('JRT4169967', 'Ramesh Verma', '1987-12-29', '8131989198', '86/40, Daisy Lane, Vadavalli, Coimbatore, 641041', '70', NULL),
('JRT4169983', 'Hari Verma', '1990-07-19', '8678110631', '88/27, Lily Close, Tidel Park, Coimbatore, 641014', '74', NULL),
('JRT4170049', 'Nalini Sundaram', '1993-04-20', '8959641275', '79/37, Daisy Lane, Vadavalli, Coimbatore, 641041', '86', NULL),
('JRT4170056', 'Sneha Verma', '1992-01-29', '9325507250', '85/30, Orchid Road, Ramanathapuram, Coimbatore, 641045', '89', NULL),
('JRT4170106', 'Priya Iyengar', '1988-06-30', '9062183473', '88/72, Daisy Lane, Vadavalli, Coimbatore, 641041', '50', NULL),
('JRT4170148', 'Hari Sundaram', '1988-11-26', '9941195628', '34/19, Marigold Crescent, Gandhipuram, Coimbatore, 641012', '9', NULL),
('JRT4170312', 'Santosh Nair', '1997-09-13', '9581446418', '55/16, Rose Lane, Ganapathy, Coimbatore, 641006', '17', NULL),
('JRT4170387', 'Santosh Sundaram', '1990-12-19', '9508076363', '74/36, Tulip Avenue, Singanallur, Coimbatore, 641005', '68', NULL),
('JRT4170411', 'Geetha Raghavan', '1992-12-22', '8913229325', '45/21, Lily Close, Tidel Park, Coimbatore, 641014', '26', NULL),
('JRT4170460', 'Maya Rajagopal', '1994-09-03', '8668812668', '82/23, Orchid Road, Ramanathapuram, Coimbatore, 641045', '94', NULL),
('JRT4170494', 'Sneha Raghavan', '1996-09-02', '9939962642', '64/33, Rose Lane, Ganapathy, Coimbatore, 641006', '92', NULL),
('JRT4170510', 'Ramesh Krishnan', '1993-04-21', '9093563642', '64/18, Tulip Avenue, Singanallur, Coimbatore, 641005', '9', NULL),
('JRT4170536', 'Vinod Menon', '1996-09-04', '9440996538', '50/14, Tulip Avenue, Singanallur, Coimbatore, 641005', '60', NULL),
('JRT4170601', 'Geetha Krishnan', '1993-01-08', '8175629963', '37/13, Marigold Crescent, Gandhipuram, Coimbatore, 641012', '44', NULL),
('JRT4170676', 'Suresh Verma', '1995-08-12', '8025642554', '43/14, Aster Road, Saibaba Colony, Coimbatore, 641011', '27', NULL),
('JRT4170684', 'Maya Sundaram', '1995-12-08', '8723124019', '60/19, Daisy Lane, Vadavalli, Coimbatore, 641041', '13', NULL),
('JRT4170692', 'Arvind Rajan', '1991-01-27', '8335102869', '81/23, Lily Close, Tidel Park, Coimbatore, 641014', '49', NULL),
('JRT4170726', 'Vinod Rajagopal', '1991-05-13', '8429760018', '69/32, Rose Lane, Ganapathy, Coimbatore, 641006', '86', NULL),
('JRT4170767', 'Nalini Raghavan', '1989-05-06', '9596156814', '79/26, Orchid Road, Ramanathapuram, Coimbatore, 641045', '21', NULL),
('JRT4170775', 'Santosh Menon', '1997-12-28', '8463004175', '46/19, Lily Close, Tidel Park, Coimbatore, 641014', '53', NULL),
('JRT4170809', 'Anjali Kumar', '1997-08-02', '9954189353', '79/21, Orchid Road, Ramanathapuram, Coimbatore, 641045', '6', NULL),
('JRT4170825', 'Priya Sundaram', '1991-03-08', '8773102130', '27/13, Sunflower Street, RS Puram, Coimbatore, 641002', '8', NULL),
('JRT4170833', 'Nalini Raghavan', '1997-02-15', '9777775267', '56/19, Orchid Road, Ramanathapuram, Coimbatore, 641045', '64', NULL),
('JRT4220935', 'Hari Menon', '1992-02-11', '8918552540', '56/38, Orchid Road, Ramanathapuram, Coimbatore, 641045', '71', NULL),
('JRT4222485', 'Geetha Raghavan', '1998-12-18', '9102632807', '58/42, Orchid Road, Ramanathapuram, Coimbatore, 641045', '18', NULL),
('JRT4222972', 'Santosh Krishnan', '1994-12-20', '8356616037', '75/68, Aster Road, Saibaba Colony, Coimbatore, 641011', '59', NULL),
('JRT7931199', 'Hari Menon', '1989-07-02', '9891556562', '34/30, Marigold Crescent, Gandhipuram, Coimbatore, 641012', '47', NULL),
('JRT7932767', 'Geetha Patel', '1981-02-09', '9675578621', '76/200, Aster Road, Saibaba Colony, Coimbatore, 641011', '96', NULL),
('JRT7932775', 'Vinod Patel', '1994-09-24', '9510680521', '48/44, Lily Close, Tidel Park, Coimbatore, 641014', '27', NULL),
('JRT7932874', 'Nalini Patel', '1993-10-26', '8076235925', '41/46, Lavender Road, Peelamedu, Coimbatore, 641087', '8', NULL),
('JRT7934052', 'Meera Raghavan', '1998-11-21', '8167946321', '46/14, Tulip Avenue, Singanallur, Coimbatore, 641005', '89', NULL),
('JRT7935224', 'Nalini Rajagopal', '1997-06-17', '9948097140', '65/27, Marigold Crescent, Gandhipuram, Coimbatore, 641012', '46', NULL),
('JRT8413155', 'Nalini Patel', '1998-05-27', '9823237445', '85/52, Orchid Road, Ramanathapuram, Coimbatore, 641045', '76', NULL),
('JRT8413916', 'Hari Menon', '1990-11-05', '8766310413', '65/40, Marigold Crescent, Gandhipuram, Coimbatore, 641012', '8', NULL),
('JRT8413924', 'Vinod Iyengar', '1990-04-01', '8291774429', '34/24, Marigold Crescent, Gandhipuram, Coimbatore, 641012', '25', NULL),
('LWW1866573', 'Naveen Rajan', '1990-11-06', '9967258181', '26/7, Sunflower Street, RS Puram, Coimbatore, 641002', '42', NULL),
('NNH0655456', 'Ramesh Patel', '1989-04-02', '8141129954', '38/16, Lavender Road, Peelamedu, Coimbatore, 641087', '18', NULL),
('ROG0023937', 'Santosh Sundaram', '1996-09-27', '9761521386', '38/32, Lavender Road, Peelamedu, Coimbatore, 641087', '68', NULL),
('ROG0024091', 'Hari Verma', '1991-03-08', '8547298786', '32/28, Marigold Crescent, Gandhipuram, Coimbatore, 641012', '38', NULL),
('ROG0094920', 'Sneha Raghavan', '1999-05-24', '8862393793', '30/34, Sunflower Street, RS Puram, Coimbatore, 641002', '40', NULL),
('ROG1023530', 'Geetha Raghavan', '2000-05-11', '9549023683', '29/22, Sunflower Street, RS Puram, Coimbatore, 641002', '61', NULL),
('ROG1025857', 'Priya Iyengar', '1988-05-23', '9323354059', '57/48, Orchid Road, Ramanathapuram, Coimbatore, 641045', '61', NULL),
('RTG1226661', 'Sneha Patel', '1996-03-11', '8761864009', '73/21, Tulip Avenue, Singanallur, Coimbatore, 641005', '54', NULL),
('RTG1272517', 'Santosh Sundaram', '1995-03-08', '9498401852', '54/42, Marigold Crescent, Gandhipuram, Coimbatore, 641012', '23', NULL),
('RTG1282318', 'Santosh Krishnan', '2001-02-25', '9872949475', '71/25, Rose Lane, Ganapathy, Coimbatore, 641006', '6', NULL),
('RTG1365949', 'Maya Iyengar', '1992-11-27', '9128116656', '66/22, Lily Close, Tidel Park, Coimbatore, 641014', '6', NULL),
('RTG1365956', 'Nalini Rajagopal', '1997-03-07', '9633289128', '57/19, Marigold Crescent, Gandhipuram, Coimbatore, 641012', '4', NULL),
('SMP0334565', 'Hari Raghavan', '1998-11-10', '8115317763', '60/21, Rose Lane, Ganapathy, Coimbatore, 641006', '8', NULL),
('SOL0790881', 'Ramesh Raman', '1999-01-29', '9469653889', '68/27, Marigold Crescent, Gandhipuram, Coimbatore, 641012', '50', NULL),
('SRB0817536', 'Vinod Patel', '1973-04-18', '8790836857', '85/112, Orchid Road, Ramanathapuram, Coimbatore, 641045', '42', NULL),
('TAU4366035', 'Deepa Raman', '1999-08-31', '8100184162', '67/17, Lily Close, Tidel Park, Coimbatore, 641014', '47', NULL),
('TFN1194968', 'Nalini Patel', '1994-02-03', '8189207842', '71/40, Rose Lane, Ganapathy, Coimbatore, 641006', '1', NULL),
('UYR0423699', 'Geetha Verma', '1999-08-20', '9733688844', '67/20, Lily Close, Tidel Park, Coimbatore, 641014', '25', NULL),
('WJB0130534', 'Geetha Patel', '1995-03-12', '8524158625', '49/48, Lily Close, Tidel Park, Coimbatore, 641014', '52', NULL),
('WJB0139220', 'Santosh Krishnan', '1984-12-23', '8602419808', '76/280, Aster Road, Saibaba Colony, Coimbatore, 641011', '50', NULL),
('WJB0139832', 'Anjali Iyengar', '1997-12-18', '8054257582', '42/10, Lavender Road, Peelamedu, Coimbatore, 641087', '53', NULL),
('WJB0139840', 'Prakash Nair', '1989-10-31', '8417792921', '74/19, Lily Close, Tidel Park, Coimbatore, 641014', '26', NULL),
('WJB0139857', 'Santosh Patel', '1999-06-23', '8134788064', '26/6, Marigold Crescent, Gandhipuram, Coimbatore, 641012', '49', NULL),
('WJB0139923', 'Sneha Patel', '1990-03-29', '9040610379', '63/37, Lily Close, Tidel Park, Coimbatore, 641014', '82', NULL),
('WJB0139956', 'Ramesh Raman', '2000-01-22', '8269727791', '29/20, Sunflower Street, RS Puram, Coimbatore, 641002', '4', NULL),
('WJB0139964', 'Nalini Patel', '1990-09-24', '8470281951', '54/30, Marigold Crescent, Gandhipuram, Coimbatore, 641012', '73', NULL),
('WJB0139972', 'Nalini Patel', '1994-05-24', '8575499841', '56/33, Marigold Crescent, Gandhipuram, Coimbatore, 641012', '98', NULL),
('WJB0139980', 'Ramesh Verma', '1998-12-30', '8141501308', '35/20, Lavender Road, Peelamedu, Coimbatore, 641087', '76', NULL),
('WJB0139998', 'Hari Sundaram', '1997-10-25', '8137873057', '69/38, Rose Lane, Ganapathy, Coimbatore, 641006', '77', NULL),
('WJB0140004', 'Santosh Sundaram', '1991-05-22', '9240177188', '73/46, Aster Road, Saibaba Colony, Coimbatore, 641011', '97', NULL),
('WJB0140012', 'Vinod Iyengar', '1998-02-07', '8042531675', '75/46, Aster Road, Saibaba Colony, Coimbatore, 641011', '42', NULL),
('WJB0140020', 'Geetha Patel', '1997-11-04', '9604572823', '29/21, Sunflower Street, RS Puram, Coimbatore, 641002', '52', NULL),
('WJB0140038', 'Vinod Patel', '1993-12-07', '9350322841', '60/34, Orchid Road, Ramanathapuram, Coimbatore, 641045', '23', NULL),
('WJB0140046', 'Hari Menon', '1996-09-03', '9025017795', '51/30, Rose Lane, Ganapathy, Coimbatore, 641006', '99', 'Aiadmk'),
('WJB0140053', 'Divya Sundaram', '1988-07-19', '8113220856', '41/28, Lavender Road, Peelamedu, Coimbatore, 641087', '83', NULL),
('WJB0140061', 'Divya Sundaram', '1995-02-06', '9366874810', '58/32, Orchid Road, Ramanathapuram, Coimbatore, 641045', '70', NULL),
('WJB0140079', 'Priya Iyengar', '1996-05-18', '8700836259', '46/30, Lily Close, Tidel Park, Coimbatore, 641014', '63', NULL),
('WJB0140087', 'Nalini Patel', '1993-08-20', '9965185366', '46/32, Lily Close, Tidel Park, Coimbatore, 641014', '100', NULL),
('WJB0140095', 'Ramesh Verma', '1991-01-10', '8366387587', '65/37, Marigold Crescent, Gandhipuram, Coimbatore, 641012', '20', NULL),
('WJB0140103', 'Ramesh Raman', '1992-03-03', '9446765841', '86/44, Daisy Lane, Vadavalli, Coimbatore, 641041', '28', NULL),
('WJB0140111', 'Vinod Raman', '1993-12-07', '9890813411', '54/28, Marigold Crescent, Gandhipuram, Coimbatore, 641012', '41', NULL),
('WJB0140129', 'Nalini Krishnan', '1998-01-08', '9391339984', '73/38, Aster Road, Saibaba Colony, Coimbatore, 641011', '81', NULL),
('WJB0140145', 'Priya Iyengar', '1994-05-10', '8688954788', '31/21, Sunflower Street, RS Puram, Coimbatore, 641002', '10', NULL),
('WJB0140152', 'Hari Menon', '1993-02-02', '9393611481', '34/22, Marigold Crescent, Gandhipuram, Coimbatore, 641012', '41', NULL),
('WJB0140160', 'Divya Sundaram', '2000-08-04', '9628502913', '46/31, Lavender Road, Peelamedu, Coimbatore, 641087', '62', NULL),
('WJB0140178', 'Divya Sundaram', '1990-03-15', '9648585131', '54/32, Marigold Crescent, Gandhipuram, Coimbatore, 641012', '32', NULL),
('WJB0140186', 'Sneha Raghavan', '1987-11-01', '8129646577', '45/28, Lily Close, Tidel Park, Coimbatore, 641014', '31', NULL),
('WJB0140194', 'Vinod Patel', '1996-01-29', '9984533778', '86/50, Daisy Lane, Vadavalli, Coimbatore, 641041', '73', NULL),
('WJB0145920', 'Ramesh Raman', '1993-01-13', '9624794798', '79/78, Daisy Lane, Vadavalli, Coimbatore, 641041', '47', NULL),
('WJB0146332', 'Raghav Rao', '1997-06-14', '9391931899', '38/11, Aster Road, Saibaba Colony, Coimbatore, 641011', '19', NULL),
('WJB0226506', 'Sneha Raghavan', '1998-05-05', '8918642057', '74/74, Tulip Avenue, Singanallur, Coimbatore, 641005', '3', NULL),
('WJB0226555', 'Priya Iyengar', '1982-02-13', '8421496183', '28/38, Sunflower Street, RS Puram, Coimbatore, 641002', '28', NULL),
('WJB0226563', 'Hari Patel', '1993-04-03', '8088579102', '52/12, Tulip Avenue, Singanallur, Coimbatore, 641005', '23', NULL),
('WJB0226571', 'Vikram Prasad', '1987-10-19', '8465161437', '85/21, Tulip Avenue, Ganapathy, Coimbatore, 641006', '12', NULL),
('WJB0226621', 'Geetha Patel', '1988-08-29', '9412710318', '27/17, Sunflower Street, RS Puram, Coimbatore, 641002', '32', NULL),
('WJB0226639', 'Vinod Menon', '1993-12-07', '9584503565', '29/16, Sunflower Street, RS Puram, Coimbatore, 641002', '34', NULL),
('WJB0226654', 'Geetha Patel', '1990-12-09', '9647382638', '33/20, Tulip Avenue, Singanallur, Coimbatore, 641005', '33', NULL),
('WJB0226670', 'Divya Krishnan', '1991-05-19', '9426900355', '28/19, Sunflower Street, RS Puram, Coimbatore, 641002', '69', NULL),
('WJB0226688', 'Nalini Sundaram', '1994-07-09', '9904076432', '72/32, Tulip Avenue, Singanallur, Coimbatore, 641005', '58', NULL),
('WJB0226696', 'Vinod Patel', '1997-03-06', '8968083573', '60/27, Rose Lane, Ganapathy, Coimbatore, 641006', '55', NULL),
('WJB0226704', 'Vinod Menon', '1990-12-06', '8019316546', '41/22, Lavender Road, Peelamedu, Coimbatore, 641087', '91', NULL),
('WJB0226712', 'Santosh Krishnan', '2001-11-07', '8029779435', '90/52, Daisy Lane, Vadavalli, Coimbatore, 641041', '28', NULL),
('WJB0226969', 'Ramesh Verma', '1997-09-17', '9641341917', '79/43, Daisy Lane, Vadavalli, Coimbatore, 641041', '13', NULL),
('WJB0226977', 'Hari Sundaram', '1991-08-15', '9929452219', '58/30, Orchid Road, Ramanathapuram, Coimbatore, 641045', '40', NULL),
('WJB0226985', 'Geetha Raghavan', '1993-07-30', '8549177177', '30/23, Sunflower Street, RS Puram, Coimbatore, 641002', '68', NULL),
('WJB0301242', 'Divya Sundaram', '1970-10-20', '8726496287', '38/42, Lavender Road, Peelamedu, Coimbatore, 641087', '7', NULL),
('WJB0301259', 'Priya Iyengar', '1980-12-11', '9442472691', '72/58, Tulip Avenue, Singanallur, Coimbatore, 641005', '38', NULL),
('WJB0301267', 'Priya Iyengar', '1974-06-03', '9858093420', '56/54, Orchid Road, Ramanathapuram, Coimbatore, 641045', '95', NULL),
('WJB0301275', 'Geetha Patel', '1998-08-31', '9720591819', '60/56, Rose Lane, Ganapathy, Coimbatore, 641006', '61', NULL),
('WJB0301465', 'Divya Sundaram', '1988-12-26', '8131489153', '52/56, Tulip Avenue, Singanallur, Coimbatore, 641005', '95', NULL),
('WJB0301473', 'Ramesh Verma', '1983-01-17', '9047110270', '86/2100, Daisy Lane, Vadavalli, Coimbatore, 641041', '39', NULL),
('WJB0301481', 'Prasad Sharma', '1988-08-28', '9796978082', '55/15, Tulip Avenue, Singanallur, Coimbatore, 641005', '12', NULL),
('WJB0301515', 'Geetha Patel', '1995-02-25', '9904080619', '61/18, Rose Lane, Ganapathy, Coimbatore, 641006', '82', NULL),
('WJB0301523', 'Arvind Nair', '1991-07-12', '9451546761', '32/13, Sunflower Street, RS Puram, Coimbatore, 641002', '87', NULL),
('WJB0301531', 'Manoj Menon', '1994-09-20', '8059311776', '61/19, Tulip Avenue, Singanallur, Coimbatore, 641005', '9', NULL),
('WJB0301549', 'Ramesh Rajagopal', '1997-11-08', '9522319948', '34/15, Marigold Crescent, Gandhipuram, Coimbatore, 641012', '31', NULL),
('WJB0301556', 'Geetha Menon', '1998-10-27', '9214568045', '85/28, Daisy Lane, Vadavalli, Coimbatore, 641041', '82', NULL),
('WJB0301564', 'Nalini Sundaram', '1992-06-14', '9367530660', '64/22, Orchid Road, Ramanathapuram, Coimbatore, 641045', '6', NULL),
('WJB0301572', 'Sneha Krishnan', '1990-04-19', '9939785421', '51/18, Tulip Avenue, Singanallur, Coimbatore, 641005', '17', NULL),
('WJB0301580', 'Divya Patel', '1994-07-16', '9114166001', '29/15, Sunflower Street, RS Puram, Coimbatore, 641002', '81', NULL),
('WJB0301598', 'Santosh Patel', '1997-03-30', '8017339235', '72/30, Tulip Avenue, Singanallur, Coimbatore, 641005', '46', NULL),
('WJB0301606', 'Geetha Raghavan', '1993-07-29', '9044189504', '46/23, Lavender Road, Peelamedu, Coimbatore, 641087', '42', NULL),
('WJB0301614', 'Sneha Raman', '1995-04-28', '9160279443', '63/29, Lily Close, Tidel Park, Coimbatore, 641014', '50', NULL),
('WJB0301630', 'Hari Verma', '1991-01-18', '8883251550', '33/28, Tulip Avenue, Singanallur, Coimbatore, 641005', '14', NULL),
('WJB0316042', 'Hari Nair', '1990-08-31', '8080970500', '56/21, Orchid Road, Ramanathapuram, Coimbatore, 641045', '33', NULL),
('WJB0519876', 'Ajay Raman', '1998-11-15', '8531439701', '41/10, Aster Road, Tidel Park, Coimbatore, 641014', '49', NULL),
('WJB0519884', 'Maya Raghavan', '2000-09-21', '9211411009', '53/14, Marigold Crescent, Gandhipuram, Coimbatore, 641012', '50', NULL),
('WJB0519892', 'Kavitha Rajan', '2002-08-22', '8970800022', '30/7, Lily Close, Gandhipuram, Coimbatore, 641012', '16', NULL),
('WJB0519900', 'Vinod Patel', '1998-04-08', '9117719152', '65/18, Daisy Lane, Vadavalli, Coimbatore, 641041', '18', NULL),
('WJB0519918', 'Kavitha Rajan', '2000-01-15', '9816496958', '36/11, Iris Avenue, Peelamedu, Coimbatore, 641087', '41', NULL),
('WJB0519934', 'Vinod Iyer', '1997-07-03', '8582380027', '39/16, Lavender Road, Peelamedu, Coimbatore, 641087', '46', NULL),
('WJB0519942', 'Divya Patel', '1990-12-29', '8345302784', '47/17, Tulip Avenue, Singanallur, Coimbatore, 641005', '37', NULL),
('WJB0519959', 'Geetha Nair', '1992-07-18', '9108132179', '83/26, Daisy Lane, Vadavalli, Coimbatore, 641041', '38', NULL),
('WJB0519975', 'Nalini Patel', '1997-08-29', '8396069791', '31/15, Sunflower Street, RS Puram, Coimbatore, 641002', '41', NULL),
('WJB0519983', 'Nalini Verma', '1990-05-14', '8240081744', '81/27, Daisy Lane, Vadavalli, Coimbatore, 641041', '4', NULL),
('WJB0520007', 'Priya Krishnan', '1994-10-09', '9774221794', '86/27, Lily Close, Tidel Park, Coimbatore, 641014', '81', NULL),
('WJB0520023', 'Sneha Raman', '1998-11-15', '8797426952', '46/17, Lavender Road, Peelamedu, Coimbatore, 641087', '100', NULL),
('WJB0520031', 'Priya Verma', '2002-01-13', '9812492829', '44/19, Aster Road, Saibaba Colony, Coimbatore, 641011', '85', NULL),
('WJB0520049', 'Priya Verma', '1993-04-07', '8209483623', '76/27, Aster Road, Saibaba Colony, Coimbatore, 641011', '67', NULL),
('WJB0520056', 'Arvind Patel', '1988-05-07', '8090959162', '30/13, Marigold Crescent, Gandhipuram, Coimbatore, 641012', '61', NULL),
('WJB0520064', 'Hari Nair', '1990-08-19', '9628117802', '34/14, Lavender Road, Peelamedu, Coimbatore, 641087', '24', NULL),
('WJB0520080', 'Hari Menon', '2001-02-19', '8146524051', '61/20, Daisy Lane, Vadavalli, Coimbatore, 641041', '59', NULL),
('WJB0520098', 'Priya Rajan', '1993-11-16', '8915215430', '50/17, Tulip Avenue, Singanallur, Coimbatore, 641005', '17', NULL),
('WJB0520106', 'Karthik Verma', '1994-01-19', '9935115749', '43/17, Aster Road, Saibaba Colony, Coimbatore, 641011', '91', NULL),
('WJB0520114', 'Divya Sundaram', '1990-05-09', '8053278731', '28/14, Sunflower Street, RS Puram, Coimbatore, 641002', '56', NULL),
('WJB0520122', 'Nalini Rajagopal', '1999-07-10', '8607685550', '52/18, Rose Lane, Ganapathy, Coimbatore, 641006', '63', NULL),
('WJB0520163', 'Priya Krishnan', '1993-03-10', '8969591108', '79/29, Daisy Lane, Vadavalli, Coimbatore, 641041', '77', NULL),
('WJB0520171', 'Vinod Raman', '1994-12-23', '9380700218', '30/20, Sunflower Street, RS Puram, Coimbatore, 641002', '38', NULL),
('WJB0520205', 'Santosh Sundaram', '1996-01-09', '9183887350', '42/19, Lily Close, Tidel Park, Coimbatore, 641014', '95', NULL),
('WJB0520213', 'Divya Krishnan', '1998-04-27', '8832571059', '33/17, Tulip Avenue, Singanallur, Coimbatore, 641005', '6', NULL),
('WJB0520239', 'Hari Verma', '1988-05-25', '9475790832', '71/36, Rose Lane, Ganapathy, Coimbatore, 641006', '42', NULL),
('WJB0520262', 'Geetha Raghavan', '1994-07-09', '8232676625', '65/35, Marigold Crescent, Gandhipuram, Coimbatore, 641012', '69', NULL),
('WJB0520288', 'Vinod Iyengar', '1991-11-16', '8161747118', '87/70, Daisy Lane, Vadavalli, Coimbatore, 641041', '72', NULL),
('WJB0521427', 'Ramesh Sundaram', '1993-12-24', '9582021874', '27/12, Sunflower Street, RS Puram, Coimbatore, 641002', '100', NULL),
('WJB0834697', 'Arvind Patel', '1998-06-02', '9293578990', '30/10, Sunflower Street, RS Puram, Coimbatore, 641002', '87', NULL),
('WJB0834705', 'Gopal Verma', '1994-12-31', '8392188149', '68/19, Daisy Lane, Vadavalli, Coimbatore, 641041', '94', NULL),
('WJB0834713', 'Radha Raghavan', '1987-11-25', '9900613550', '35/9, Lavender Road, Peelamedu, Coimbatore, 641087', '46', NULL),
('WJB0834721', 'Ajay Menon', '1990-07-06', '8838560558', '62/15, Marigold Crescent, Gandhipuram, Coimbatore, 641012', '9', NULL),
('WJB0834739', 'Santosh Sundaram', '1991-04-13', '9811208939', '56/15, Rose Lane, Ganapathy, Coimbatore, 641006', '7', NULL),
('WJB0834747', 'Manoj Menon', '1995-09-14', '9525796687', '29/7, Daisy Lane, Gandhipuram, Coimbatore, 641012', '76', NULL),
('WJB0834754', 'Geetha Verma', '1999-11-17', '9162484544', '56/31, Marigold Crescent, Gandhipuram, Coimbatore, 641012', '53', NULL),
('WJB0834762', 'Sneha Raghavan', '1988-07-22', '9601308290', '33/26, Tulip Avenue, Singanallur, Coimbatore, 641005', '95', NULL),
('WJB0834788', 'Ramesh Verma', '1995-11-03', '9562070423', '46/28, Lily Close, Tidel Park, Coimbatore, 641014', '71', NULL),
('WJB0834887', 'Manoj Balakrishnan', '1994-08-30', '9359897375', '75/17, Lily Close, Peelamedu, Coimbatore, 641087', '15', NULL),
('WJB0834895', 'Revathi Rao', '2000-07-28', '8092140862', '51/13, Sunflower Street, RS Puram, Coimbatore, 641002', '89', NULL),
('WJB0834903', 'Arjun Verma', '1992-01-04', '9019766293', '65/16, Daisy Lane, Vadavalli, Coimbatore, 641041', '23', NULL),
('WJB0834911', 'Sneha Iyengar', '1995-03-31', '9133825915', '33/11, Marigold Crescent, Gandhipuram, Coimbatore, 641012', '31', NULL),
('WJB0834929', 'Shweta Sundaram', '1991-08-26', '9846966449', '31/8, Marigold Crescent, Gandhipuram, Coimbatore, 641012', '93', NULL),
('WJB0834937', 'Nalini Rajagopal', '1994-12-04', '8964350373', '50/11, Sunflower Street, RS Puram, Coimbatore, 641002', '100', NULL),
('WJB0834945', 'Ramesh Sharma', '1995-12-29', '8250707450', '55/13, Orchid Road, Ramanathapuram, Coimbatore, 641045', '86', NULL),
('WJB0834952', 'Arvind Iyengar', '1996-10-06', '8693954094', '37/15, Lavender Road, Peelamedu, Coimbatore, 641087', '71', NULL),
('WJB0834960', 'Divya Rajan', '1994-09-19', '9318813118', '75/23, Daisy Lane, Vadavalli, Coimbatore, 641041', '29', NULL),
('WJB0834978', 'Priya Sundaram', '1988-04-11', '9783256475', '41/21, Lavender Road, Peelamedu, Coimbatore, 641087', '86', NULL),
('WJB0834994', 'Divya Patel', '1992-07-18', '9409479369', '46/24, Lily Close, Tidel Park, Coimbatore, 641014', '87', NULL),
('WJB0835009', 'Ramesh Iyengar', '2000-08-05', '8214515901', '88/51, Daisy Lane, Vadavalli, Coimbatore, 641041', '59', NULL),
('WJB0835041', 'Vinod Iyengar', '1997-09-04', '9406566902', '41/24, Lavender Road, Peelamedu, Coimbatore, 641087', '96', NULL),
('WJB0835058', 'Nalini Rajagopal', '1992-10-12', '9245606919', '78/42, Aster Road, Saibaba Colony, Coimbatore, 641011', '30', NULL),
('WJB0835066', 'Priya Iyengar', '2000-02-18', '8883507625', '38/23, Lavender Road, Peelamedu, Coimbatore, 641087', '56', NULL),
('WJB0835074', 'Divya Sundaram', '2001-11-24', '8082513795', '40/30, Lavender Road, Peelamedu, Coimbatore, 641087', '77', NULL),
('WJB0835181', 'Deepa Krishnan', '1999-09-15', '9579976054', '84/22, Lily Close, Tidel Park, Coimbatore, 641014', '6', NULL),
('WJB0835199', 'Priya Iyer', '1989-01-23', '8409302854', '37/9, Aster Road, Saibaba Colony, Coimbatore, 641011', '59', NULL),
('WJB0835207', 'Vinod Rajan', '1996-03-07', '9186893711', '46/12, Tulip Avenue, Singanallur, Coimbatore, 641005', '5', NULL),
('WJB0835215', 'Revathi Rajan', '1989-07-05', '8263468048', '68/20, Marigold Crescent, Gandhipuram, Coimbatore, 641012', '51', NULL),
('WJB0835264', 'Santosh Sundaram', '1997-12-19', '8109161303', '48/29, Lily Close, Tidel Park, Coimbatore, 641014', '84', NULL),
('WJB0835272', 'Ramesh Raman', '1996-10-10', '8424648517', '28/22, Sunflower Street, RS Puram, Coimbatore, 641002', '68', NULL),
('WJB0835371', 'Arjun Nair', '1992-09-02', '8892473111', '72/18, Rose Lane, Vadavalli, Coimbatore, 641041', '64', NULL),
('WJB0835397', 'Meera Krishnan', '1990-09-17', '8006075314', '56/14, Sunflower Street, Singanallur, Coimbatore, 641005', '76', NULL),
('WJB0835405', 'Divya Iyer', '1999-08-13', '9471200957', '59/15, Lily Close, Tidel Park, Coimbatore, 641014', '69', NULL),
('WJB0835413', 'Karthik Rajagopal', '1989-05-12', '8340123715', '42/13, Aster Road, Saibaba Colony, Coimbatore, 641011', '28', NULL),
('WJB0835421', 'Hari Patel', '1991-09-10', '8327245362', '29/9, Sunflower Street, RS Puram, Coimbatore, 641002', '96', NULL);
INSERT INTO `voters` (`Epicid`, `name`, `dob`, `mobileno`, `address`, `wardno`, `Voted`) VALUES
('WJB0835439', 'Priya Menon', '1991-10-31', '8990515778', '56/16, Rose Lane, Ganapathy, Coimbatore, 641006', '89', NULL),
('WJB0835447', 'Meera Sharma', '1996-10-01', '8094225153', '76/19, Orchid Road, Ramanathapuram, Coimbatore, 641045', '94', NULL),
('WJB0835462', 'Sneha Sundaram', '1989-10-12', '9573504213', '37/19, Marigold Crescent, Gandhipuram, Coimbatore, 641012', '32', NULL),
('WJB0835488', 'Nalini Sundaram', '1993-12-13', '9383372643', '76/40, Aster Road, Saibaba Colony, Coimbatore, 641011', '24', NULL),
('WJB0835496', 'Hari Verma', '1997-08-13', '8379419750', '90/67, Daisy Lane, Vadavalli, Coimbatore, 641041', '55', NULL),
('WJB0835504', 'Santosh Raghavan', '1991-04-04', '9092746764', '27/20, Sunflower Street, RS Puram, Coimbatore, 641002', '85', NULL),
('WJB0835512', 'Geetha Patel', '1994-02-04', '8557691602', '78/38, Aster Road, Saibaba Colony, Coimbatore, 641011', '96', NULL),
('WJB0835520', 'Priya Iyengar', '1999-02-20', '9921836184', '69/36, Rose Lane, Ganapathy, Coimbatore, 641006', '100', NULL),
('WJB0841288', 'Hari Verma', '1989-02-05', '8387681209', '31/23, Sunflower Street, RS Puram, Coimbatore, 641002', '10', NULL),
('WJB0841296', 'Geetha Patel', '1996-04-19', '9422098729', '42/30, Lily Close, Tidel Park, Coimbatore, 641014', '97', NULL),
('WJB0841304', 'Vinod Iyengar', '1995-10-28', '8300991553', '90/92, Daisy Lane, Vadavalli, Coimbatore, 641041', '56', NULL),
('WJB0841312', 'Santosh Sundaram', '1993-12-23', '9336412818', '78/50, Aster Road, Saibaba Colony, Coimbatore, 641011', '21', NULL),
('WJB0841320', 'Vinod Patel', '1995-10-14', '8224880400', '31/24, Sunflower Street, RS Puram, Coimbatore, 641002', '79', NULL),
('WJB0841338', 'Divya Sundaram', '1997-08-07', '8815230795', '33/34, Tulip Avenue, Singanallur, Coimbatore, 641005', '69', NULL),
('WJB0841841', 'Divya Sundaram', '1997-03-22', '9423305167', '51/32, Rose Lane, Ganapathy, Coimbatore, 641006', '10', NULL),
('WJB0841866', 'Ramesh Verma', '1988-06-07', '8929458122', '58/38, Orchid Road, Ramanathapuram, Coimbatore, 641045', '72', NULL),
('WJB0841874', 'Santosh Sundaram', '1992-06-19', '8214623532', '75/56, Aster Road, Saibaba Colony, Coimbatore, 641011', '11', NULL),
('WJB0841882', 'Hari Menon', '1992-01-03', '8112336119', '57/40, Orchid Road, Ramanathapuram, Coimbatore, 641045', '27', NULL),
('WJB0841890', 'Santosh Sundaram', '1997-08-10', '8627183644', '40/34, Lavender Road, Peelamedu, Coimbatore, 641087', '78', NULL),
('WJB0841908', 'Priya Iyengar', '2001-02-16', '8937808905', '73/62, Aster Road, Saibaba Colony, Coimbatore, 641011', '17', NULL),
('WJB0843706', 'Geetha Raghavan', '1998-07-08', '8975183686', '57/36, Orchid Road, Ramanathapuram, Coimbatore, 641045', '79', NULL),
('WJB0843722', 'Priya Iyengar', '1993-02-10', '8331508175', '46/33, Lavender Road, Peelamedu, Coimbatore, 641087', '6', NULL),
('WJB0843730', 'Ramesh Verma', '1998-10-29', '8390050271', '52/31, Tulip Avenue, Singanallur, Coimbatore, 641005', '77', NULL),
('WJB0843748', 'Santosh Krishnan', '1993-07-10', '8624242065', '51/36, Rose Lane, Ganapathy, Coimbatore, 641006', '25', NULL),
('WJB0843763', 'Priya Iyengar', '1995-01-13', '8620504508', '41/30, Lavender Road, Peelamedu, Coimbatore, 641087', '65', NULL),
('WJB0844266', 'Geetha Patel', '1984-10-03', '8725722354', '79/1860, Daisy Lane, Vadavalli, Coimbatore, 641041', '77', NULL),
('WJB0845578', 'Vinod Iyengar', '1990-05-16', '8100702877', '65/44, Marigold Crescent, Gandhipuram, Coimbatore, 641012', '19', NULL),
('WJB0845586', 'Sneha Raghavan', '2000-11-04', '9943462317', '64/44, Rose Lane, Ganapathy, Coimbatore, 641006', '13', NULL),
('WJB0845594', 'Santosh Sundaram', '1995-06-06', '9128069289', '28/23, Sunflower Street, RS Puram, Coimbatore, 641002', '23', NULL),
('WJB0845602', 'Santosh Krishnan', '1997-11-08', '8062370040', '33/30, Tulip Avenue, Singanallur, Coimbatore, 641005', '65', NULL),
('WJB0845610', 'Sneha Raghavan', '1993-02-22', '8550184764', '46/34, Lily Close, Tidel Park, Coimbatore, 641014', '48', NULL),
('WJB0845628', 'Hari Verma', '1999-03-30', '8572145382', '35/22, Lavender Road, Peelamedu, Coimbatore, 641087', '20', NULL),
('WJB0845636', 'Sneha Raghavan', '1997-11-28', '9150296794', '41/32, Lavender Road, Peelamedu, Coimbatore, 641087', '72', NULL),
('WJB0845644', 'Divya Sundaram', '1997-10-19', '8454779065', '56/42, Orchid Road, Ramanathapuram, Coimbatore, 641045', '25', NULL),
('WJB0846394', 'Priya Iyengar', '1977-07-18', '8841291734', '63/60, Lily Close, Tidel Park, Coimbatore, 641014', '92', NULL),
('WJB0852350', 'Geetha Patel', '1981-12-01', '9769211241', '73/124, Aster Road, Saibaba Colony, Coimbatore, 641011', '35', NULL),
('WJB0853390', 'Hari Menon', '1994-03-05', '8593204196', '71/64, Rose Lane, Ganapathy, Coimbatore, 641006', '78', NULL),
('WJB0853754', 'Nalini Patel', '1994-05-21', '8095952653', '27/28, Sunflower Street, RS Puram, Coimbatore, 641002', '32', NULL),
('WJB0853762', 'Ramesh Raman', '1984-07-04', '8435023392', '48/42, Lily Close, Tidel Park, Coimbatore, 641014', '92', NULL),
('WJB0853838', 'Ramesh Verma', '1989-05-30', '8188482795', '29/32, Sunflower Street, RS Puram, Coimbatore, 641002', '47', NULL),
('WJB0968859', 'Geetha Raghavan', '1992-10-08', '8745776025', '42/28, Lily Close, Tidel Park, Coimbatore, 641014', '67', NULL),
('WJB0968875', 'Vinod Raghavan', '2000-05-01', '9517537237', '53/17, Marigold Crescent, Gandhipuram, Coimbatore, 641012', '76', NULL),
('WJB0968891', 'Nalini Sundaram', '2000-01-06', '8799560189', '87/60, Daisy Lane, Vadavalli, Coimbatore, 641041', '12', NULL),
('WJB0968925', 'Ramesh Raman', '1995-02-14', '8684494488', '90/76, Daisy Lane, Vadavalli, Coimbatore, 641041', '65', NULL),
('WJB1051861', 'Hari Verma', '1993-02-10', '9550573126', '28/30, Sunflower Street, RS Puram, Coimbatore, 641002', '89', NULL),
('WJB1051879', 'Santosh Krishnan', '1982-09-26', '9229021524', '34/34, Marigold Crescent, Gandhipuram, Coimbatore, 641012', '63', NULL),
('WJB1051887', 'Divya Sundaram', '1976-06-01', '9651635039', '46/54, Lavender Road, Peelamedu, Coimbatore, 641087', '83', NULL),
('WJB1051895', 'Sneha Raghavan', '1982-01-07', '8996334093', '46/62, Lavender Road, Peelamedu, Coimbatore, 641087', '61', NULL),
('WJB1052232', 'Nalini Raman', '1994-04-15', '9597711626', '44/21, Aster Road, Saibaba Colony, Coimbatore, 641011', '41', NULL),
('WJB1052372', 'Revathi Menon', '1995-12-16', '9435084812', '28/11, Sunflower Street, RS Puram, Coimbatore, 641002', '54', NULL),
('WJB1099878', 'Priya Iyengar', '1998-05-06', '9269165370', '52/48, Tulip Avenue, Singanallur, Coimbatore, 641005', '76', NULL),
('WJB1099886', 'Vinod Patel', '1972-04-09', '8907418691', '60/50, Orchid Road, Ramanathapuram, Coimbatore, 641045', '1', NULL),
('WJB1099894', 'Santosh Sundaram', '1988-11-20', '9276164058', '78/96, Aster Road, Saibaba Colony, Coimbatore, 641011', '61', NULL),
('WJB1099936', 'Santosh Krishnan', '1982-01-19', '9992818856', '85/140, Orchid Road, Ramanathapuram, Coimbatore, 641045', '12', NULL),
('WJB1099944', 'Vinod Iyengar', '1983-12-13', '8185848651', '78/240, Aster Road, Saibaba Colony, Coimbatore, 641011', '58', NULL),
('WJB1100189', 'Geetha Rao', '1993-06-03', '9426849174', '89/24, Orchid Road, Ramanathapuram, Coimbatore, 641045', '16', NULL),
('WJB1100197', 'Prakash Iyer', '1993-06-29', '9835619563', '39/8, Sunflower Street, Ganapathy, Coimbatore, 641006', '63', NULL),
('WJB1100254', 'Hari Menon', '1991-05-17', '8291407626', '90/58, Daisy Lane, Vadavalli, Coimbatore, 641041', '93', NULL),
('WJB1100262', 'Geetha Menon', '1989-06-14', '8402911610', '35/19, Lavender Road, Peelamedu, Coimbatore, 641087', '42', NULL),
('WJB1101922', 'Geetha Patel', '1994-05-29', '9391099055', '44/36, Aster Road, Saibaba Colony, Coimbatore, 641011', '81', NULL),
('WJB1102102', 'Vinod Patel', '1998-09-11', '9736449785', '42/38, Lily Close, Tidel Park, Coimbatore, 641014', '18', NULL),
('WJB1102110', 'Priya Iyengar', '1990-07-25', '8763306370', '60/46, Orchid Road, Ramanathapuram, Coimbatore, 641045', '49', NULL),
('wJB1129444', 'Arvind Raghavan', '2002-12-01', '9107127114', '87/34, Aster Road, Saibaba Colony, Coimbatore, 641011', '30', NULL),
('WJB1352665', 'Santosh Patel', '1990-12-19', '9385176047', '70/17, Rose Lane, Ganapathy, Coimbatore, 641006', '80', NULL),
('WJB1355973', 'Santosh Krishnan', '1977-07-11', '8913425645', '60/64, Rose Lane, Ganapathy, Coimbatore, 641006', '66', NULL),
('WJB1356054', 'Vinod Patel', '1975-06-18', '8506595989', '79/3200, Daisy Lane, Vadavalli, Coimbatore, 641041', '28', NULL),
('WJB1356088', 'Sneha Raghavan', '1971-06-07', '9914974616', '35/36, Lavender Road, Peelamedu, Coimbatore, 641087', '68', NULL),
('WJB1356096', 'Geetha Patel', '1998-09-02', '9651465979', '63/62, Lily Close, Tidel Park, Coimbatore, 641014', '86', NULL),
('WJB1356567', 'Sneha Raghavan', '1996-06-29', '9350702964', '87/940, Daisy Lane, Vadavalli, Coimbatore, 641041', '55', NULL),
('WJB1356625', 'Santosh Krishnan', '1989-09-12', '9825971985', '46/52, Lily Close, Tidel Park, Coimbatore, 641014', '68', NULL),
('WJB1356674', 'Vinod Patel', '1980-02-18', '9469222430', '78/160, Aster Road, Saibaba Colony, Coimbatore, 641011', '68', NULL),
('WJB1356682', 'Vinod Iyengar', '1998-05-27', '9164256518', '44/44, Aster Road, Saibaba Colony, Coimbatore, 641011', '3', NULL),
('WJB1356716', 'Sneha Raghavan', '1982-11-04', '8730734221', '29/30, Sunflower Street, RS Puram, Coimbatore, 641002', '67', NULL),
('WJB1356732', 'Geetha Patel', '1970-04-01', '9710144315', '56/58, Orchid Road, Ramanathapuram, Coimbatore, 641045', '86', NULL),
('WJB1356740', 'Santosh Sundaram', '1997-05-19', '9228653699', '31/36, Sunflower Street, RS Puram, Coimbatore, 641002', '24', NULL),
('WJB1356757', 'Vinod Iyengar', '1992-08-11', '9055034998', '48/46, Lily Close, Tidel Park, Coimbatore, 641014', '85', NULL),
('WJB1357037', 'Geetha Patel', '1987-12-08', '9505326988', '44/40, Aster Road, Saibaba Colony, Coimbatore, 641011', '37', NULL),
('WJB1357219', 'Geetha Patel', '1986-03-20', '8903453051', '34/40, Marigold Crescent, Gandhipuram, Coimbatore, 641012', '65', NULL),
('WJB1357243', 'Santosh Krishnan', '1994-03-06', '9012580320', '45/44, Lily Close, Tidel Park, Coimbatore, 641014', '96', NULL),
('wJB1357250', 'Santosh Krishnan', '1993-08-25', '9069447163', '51/48, Lily Close, Tidel Park, Coimbatore, 641014', '22', NULL),
('WJB1357292', 'Geetha Patel', '1981-06-12', '8412220222', '91/4100, Daisy Lane, Vadavalli, Coimbatore, 641041', '70', NULL),
('WJB1357300', 'Santosh Krishnan', '1991-10-31', '8736083582', '62/68, Orchid Road, Ramanathapuram, Coimbatore, 641045', '66', NULL),
('WJB1357359', 'Divya Sundaram', '1984-05-04', '8839982484', '74/132, Tulip Avenue, Singanallur, Coimbatore, 641005', '27', NULL),
('WJB1357433', 'Geetha Patel', '1989-11-29', '8385432954', '28/34, Sunflower Street, RS Puram, Coimbatore, 641002', '23', NULL),
('WJB1357474', 'Prakash Menon', '2001-02-18', '9712006296', '43/13, Aster Road, Saibaba Colony, Coimbatore, 641011', '2', NULL),
('WJB1357524', 'Divya Sundaram', '1991-04-11', '9692034048', '41/42, Lavender Road, Peelamedu, Coimbatore, 641087', '65', NULL),
('WJB1357532', 'Hari Menon', '1971-01-22', '8595194787', '61/68, Orchid Road, Ramanathapuram, Coimbatore, 641045', '40', NULL),
('WJB1357565', 'Priya Iyengar', '1976-09-28', '8654165107', '50/48, Lily Close, Tidel Park, Coimbatore, 641014', '85', NULL),
('WJB1357649', 'Priya Nair', '1994-07-13', '8705977205', '67/22, Tulip Avenue, Singanallur, Coimbatore, 641005', '18', NULL),
('WJB1357656', 'Hari Iyer', '2000-05-27', '9004923029', '58/18, Rose Lane, Ganapathy, Coimbatore, 641006', '29', NULL),
('WJB1357664', 'Hari Verma', '1995-09-06', '8124944972', '70/23, Tulip Avenue, Singanallur, Coimbatore, 641005', '40', NULL),
('WJB1357672', 'Priya Krishnan', '2001-02-23', '9182496728', '35/15, Aster Road, Saibaba Colony, Coimbatore, 641011', '31', NULL),
('WJB1357680', 'Santosh Iyer', '1993-02-06', '8822757913', '66/23, Lily Close, Tidel Park, Coimbatore, 641014', '14', NULL),
('WJB1357714', 'Sneha Krishnan', '1999-05-16', '8490291232', '73/26, Aster Road, Saibaba Colony, Coimbatore, 641011', '97', NULL),
('WJB1357763', 'Vinod Patel', '1991-07-11', '9374241167', '90/44, Daisy Lane, Vadavalli, Coimbatore, 641041', '14', NULL),
('WJB1357789', 'Divya Krishnan', '1995-09-03', '9963101997', '66/20, Marigold Crescent, Gandhipuram, Coimbatore, 641012', '38', NULL),
('WJB1357847', 'Nalini Raman', '1993-01-14', '9271088804', '63/20, Marigold Crescent, Gandhipuram, Coimbatore, 641012', '53', NULL),
('WJB1357854', 'Sneha Menon', '1998-12-19', '9624714047', '52/19, Rose Lane, Ganapathy, Coimbatore, 641006', '32', NULL),
('WJB1358068', 'Nalini Rao', '1993-12-04', '8701979010', '35/12, Lavender Road, Peelamedu, Coimbatore, 641087', '19', NULL),
('WJB1358142', 'Arvind Iyengar', '1990-09-30', '8980488392', '78/25, Aster Road, Saibaba Colony, Coimbatore, 641011', '72', NULL),
('WJB1358159', 'Ajay Sundaram', '1994-03-21', '9819846205', '74/18, Tulip Avenue, Singanallur, Coimbatore, 641005', '57', NULL),
('WJB1358175', 'Santosh Sundaram', '1992-01-30', '9909040376', '68/20, Tulip Avenue, Singanallur, Coimbatore, 641005', '91', NULL),
('WJB1358183', 'Santosh Rajagopal', '1994-01-21', '9203695513', '43/16, Lily Close, Tidel Park, Coimbatore, 641014', '76', NULL),
('WJB1358191', 'Geetha Verma', '1994-08-31', '9277119625', '52/27, Tulip Avenue, Singanallur, Coimbatore, 641005', '84', NULL),
('WJB1358209', 'Geetha Nair', '1995-08-04', '9611042415', '31/14, Sunflower Street, RS Puram, Coimbatore, 641002', '8', NULL),
('WJB1358217', 'Santosh Menon', '1992-11-27', '8694611319', '45/19, Lily Close, Tidel Park, Coimbatore, 641014', '87', NULL),
('WJB1358233', 'Lakshmi Srinivasan', '1994-07-31', '8251042416', '35/9, Rose Lane, Saibaba Colony, Coimbatore, 641011', '100', NULL),
('WJB1358241', 'Deepa Menon', '1990-11-22', '8222240582', '45/9, Orchid Road, RS Puram, Coimbatore, 641002', '27', NULL),
('WJB1358290', 'Manoj Nair', '1998-09-19', '8181776694', '70/19, Lavender Road, Peelamedu, Coimbatore, 641087', '98', NULL),
('WJB1358316', 'Vinod Rajan', '1989-03-01', '8856927005', '44/13, Aster Road, Saibaba Colony, Coimbatore, 641011', '80', NULL),
('WJB1358357', 'Priya Raghavan', '1992-10-01', '9898315483', '54/24, Marigold Crescent, Gandhipuram, Coimbatore, 641012', '34', NULL),
('WJB1358407', 'Santosh Menon', '1988-06-04', '8778697639', '64/29, Rose Lane, Ganapathy, Coimbatore, 641006', '55', NULL),
('WJB1358415', 'Santosh Krishnan', '1994-06-22', '9470113891', '26/15, Sunflower Street, RS Puram, Coimbatore, 641002', '2', NULL),
('WJB1358423', 'Nalini Raghavan', '2001-01-15', '8992379633', '39/19, Lavender Road, Peelamedu, Coimbatore, 641087', '62', NULL),
('WJB1358431', 'Vinod Patel', '1991-02-17', '9608711805', '54/22, Marigold Crescent, Gandhipuram, Coimbatore, 641012', '67', NULL),
('WJB1358464', 'Nalini Raghavan', '1990-11-20', '8426272397', '82/27, Orchid Road, Ramanathapuram, Coimbatore, 641045', '13', NULL),
('WJB1358480', 'Manoj Raghavan', '1993-09-24', '8904592161', '44/14, Aster Road, Saibaba Colony, Coimbatore, 641011', '11', NULL),
('WJB1358498', 'Hari Iyengar', '1999-10-09', '9705413665', '81/20, Orchid Road, Tidel Park, Coimbatore, 641014', '100', NULL),
('WJB1358522', 'Anand Kumar', '1995-03-07', '8708478258', '28/5, Jasmine Street, Gandhipuram, Coimbatore, 641012', '64', NULL),
('WJB1358530', 'Sangeeta Desai', '1993-12-15', '8096226196', '93/24, Lavender Road, Ganapathy, Coimbatore, 641006', '77', NULL),
('WJB1358548', 'Ananya Rao', '2000-05-27', '8757225773', '76/19, Lily Close, RS Puram, Coimbatore, 641002', '82', NULL),
('WJB1358555', 'Naveen Sharma', '1992-08-09', '8405181795', '40/10, Aster Road, Vadavalli, Coimbatore, 641041', '25', NULL),
('WJB1358571', 'Vinod Rajagopal', '1989-04-28', '8307408302', '52/13, Tulip Avenue, Ramanathapuram, Coimbatore, 641045', '27', NULL),
('WJB1358589', 'Ramesh Sundaram', '1990-10-22', '8212891812', '35/10, Tulip Avenue, Singanallur, Coimbatore, 641005', '53', NULL),
('WJB1358597', 'Manoj Sharma', '2001-11-18', '8218325651', '61/17, Daisy Lane, Vadavalli, Coimbatore, 641041', '1', NULL),
('WJB1358605', 'Divya Sundaram', '1994-12-14', '9059108511', '35/11, Lavender Road, Peelamedu, Coimbatore, 641087', '21', NULL),
('WJB1358621', 'Vinod Raman', '1997-03-04', '8677752914', '54/20, Marigold Crescent, Gandhipuram, Coimbatore, 641012', '44', NULL),
('WJB1358639', 'Shanti Patel', '1996-06-07', '9533039249', '62/15, Jasmine Street, Vadavalli, Coimbatore, 641041', '3', NULL),
('WJB1358647', 'Divya Sundaram', '1998-11-22', '8261416390', '31/20, Sunflower Street, RS Puram, Coimbatore, 641002', '42', NULL),
('WJB1358654', 'Hari Menon', '1992-11-12', '9608818797', '73/42, Aster Road, Saibaba Colony, Coimbatore, 641011', '42', NULL),
('WJB1358662', 'Geetha Raghavan', '1998-07-11', '8775020070', '44/27, Aster Road, Saibaba Colony, Coimbatore, 641011', '41', NULL),
('WJB1358670', 'Lakshmi Iyengar', '1994-03-26', '9816827353', '37/12, Lavender Road, Peelamedu, Coimbatore, 641087', '24', NULL),
('WJB1358688', 'Vinod Patel', '1992-03-16', '9104686487', '57/34, Orchid Road, Ramanathapuram, Coimbatore, 641045', '62', NULL),
('WJB1358720', 'Maya Verma', '1994-08-05', '9811165598', '46/15, Lavender Road, Peelamedu, Coimbatore, 641087', '35', NULL),
('WJB1358795', 'Priya Sundaram', '1993-04-17', '9780854261', '89/31, Daisy Lane, Vadavalli, Coimbatore, 641041', '3', NULL),
('WJB1358845', 'Geetha Sundaram', '1995-12-21', '8658464223', '74/29, Aster Road, Saibaba Colony, Coimbatore, 641011', '23', NULL),
('WJB1358852', 'Sneha Rajan', '1989-05-20', '9902888055', '34/17, Lavender Road, Peelamedu, Coimbatore, 641087', '16', NULL),
('WJB1358860', 'Vinod Menon', '2001-11-01', '8209329244', '70/26, Tulip Avenue, Singanallur, Coimbatore, 641005', '77', NULL),
('WJB1358878', 'Santosh Sundaram', '1997-09-26', '9193277439', '27/15, Sunflower Street, RS Puram, Coimbatore, 641002', '17', NULL),
('WJB1358886', 'Nalini Patel', '1997-07-21', '8778829173', '37/20, Marigold Crescent, Gandhipuram, Coimbatore, 641012', '29', NULL),
('WJB1358894', 'Geetha Raghavan', '1998-03-26', '8761103155', '75/28, Aster Road, Saibaba Colony, Coimbatore, 641011', '14', NULL),
('WJB1358902', 'Hari Rajagopal', '1993-05-28', '9434169637', '28/17, Sunflower Street, RS Puram, Coimbatore, 641002', '75', NULL),
('WJB1358910', 'Sneha Krishnan', '1999-11-11', '8646047277', '64/25, Marigold Crescent, Gandhipuram, Coimbatore, 641012', '42', NULL),
('WJB1358928', 'Ramesh Krishnan', '1994-04-03', '9711779198', '45/20, Lily Close, Tidel Park, Coimbatore, 641014', '56', NULL),
('WJB1358936', 'Hari Sundaram', '1996-10-26', '9980247567', '63/27, Lily Close, Tidel Park, Coimbatore, 641014', '89', NULL),
('WJB1358944', 'Nalini Raman', '1992-09-29', '8223807741', '56/23, Marigold Crescent, Gandhipuram, Coimbatore, 641012', '98', NULL),
('WJB1358951', 'Priya Menon', '1996-10-25', '8913989907', '64/15, Jasmine Street, RS Puram, Coimbatore, 641002', '18', NULL),
('WJB1360221', 'Nalini Patel', '1994-05-18', '8728266948', '45/30, Lily Close, Tidel Park, Coimbatore, 641014', '84', NULL),
('WJB1360247', 'Priya Iyengar', '1994-12-26', '8615893628', '69/42, Rose Lane, Ganapathy, Coimbatore, 641006', '41', NULL),
('WJB1360254', 'Geetha Raghavan', '1996-11-23', '9970920671', '57/44, Orchid Road, Ramanathapuram, Coimbatore, 641045', '53', NULL),
('WJB1360270', 'Geetha Raghavan', '1990-04-03', '9970952244', '71/46, Rose Lane, Ganapathy, Coimbatore, 641006', '96', NULL),
('WJB1362052', 'Hari Menon', '1991-07-18', '9352029856', '32/30, Marigold Crescent, Gandhipuram, Coimbatore, 641012', '81', NULL),
('WJB1362060', 'Sneha Raghavan', '1996-08-14', '8256209152', '86/250, Daisy Lane, Vadavalli, Coimbatore, 641041', '33', NULL),
('WJB1362078', 'Sneha Raghavan', '1994-08-16', '8740311740', '56/36, Marigold Crescent, Gandhipuram, Coimbatore, 641012', '38', NULL),
('WJB1362177', 'Sneha Sundaram', '1998-08-25', '9995738322', '72/24, Tulip Avenue, Singanallur, Coimbatore, 641005', '8', NULL),
('WJB1368133', 'Sneha Patel', '1997-11-18', '8836417872', '71/33, Rose Lane, Ganapathy, Coimbatore, 641006', '37', NULL),
('WJB1400704', 'Priya Patel', '1997-10-04', '9934041058', '35/13, Marigold Crescent, Gandhipuram, Coimbatore, 641012', '73', NULL),
('WJB1400712', 'Ramesh Raman', '1993-02-22', '9764279574', '49/16, Lavender Road, Peelamedu, Coimbatore, 641087', '8', NULL),
('WJB1400720', 'Santosh Sundaram', '1996-06-21', '9215023066', '44/17, Lily Close, Tidel Park, Coimbatore, 641014', '12', NULL),
('WJB1565597', 'Ramesh Rajagopal', '1995-02-28', '9442847516', '71/26, Rose Lane, Ganapathy, Coimbatore, 641006', '46', NULL),
('WJB1576974', 'Vinod Patel', '1982-05-14', '8487293906', '31/38, Sunflower Street, RS Puram, Coimbatore, 641002', '49', NULL),
('WJB1577964', 'Nalini Patel', '1989-12-07', '9419360272', '31/32, Sunflower Street, RS Puram, Coimbatore, 641002', '23', NULL),
('WJB1577972', 'Hari Menon', '1995-08-13', '9144353902', '56/56, Marigold Crescent, Gandhipuram, Coimbatore, 641012', '34', NULL),
('WJB1577980', 'Divya Sundaram', '1986-04-30', '8007037868', '40/42, Lavender Road, Peelamedu, Coimbatore, 641087', '54', NULL),
('WJB1577998', 'Priya Iyengar', '1999-03-25', '9483749360', '64/58, Rose Lane, Ganapathy, Coimbatore, 641006', '57', NULL),
('WJB1578004', 'Vinod Iyengar', '1990-05-09', '8468267489', '76/120, Aster Road, Saibaba Colony, Coimbatore, 641011', '46', NULL),
('WJB1578269', 'Priya Iyengar', '1994-03-18', '8212821243', '51/52, Rose Lane, Ganapathy, Coimbatore, 641006', '62', NULL),
('WJB1578277', 'Vinod Iyengar', '1995-09-23', '8452681876', '60/52, Rose Lane, Ganapathy, Coimbatore, 641006', '58', NULL),
('WJB1578319', 'Ramesh Raman', '1992-08-18', '9048983175', '45/42, Lily Close, Tidel Park, Coimbatore, 641014', '83', NULL),
('WJB1578327', 'Santosh Krishnan', '1986-02-05', '9136312014', '52/52, Tulip Avenue, Singanallur, Coimbatore, 641005', '35', NULL),
('WJB1578335', 'Nalini Patel', '1985-12-04', '8580027403', '29/28, Sunflower Street, RS Puram, Coimbatore, 641002', '70', NULL),
('WJB1578350', 'Geetha Patel', '1976-01-09', '9524537725', '60/54, Orchid Road, Ramanathapuram, Coimbatore, 641045', '50', NULL),
('WJB1578376', 'Hari Verma', '1990-05-22', '8998581116', '72/66, Tulip Avenue, Singanallur, Coimbatore, 641005', '94', NULL),
('WJB1578822', 'Rajesh Raghavan', '1988-06-17', '8368656363', '46/11, Daisy Lane, Vadavalli, Coimbatore, 641041', '13', NULL),
('WJB1578830', 'Gopal Sharma', '1991-02-06', '9944561819', '81/21, Daisy Lane, Vadavalli, Coimbatore, 641041', '30', NULL),
('WJB1578863', 'Karthik Verma', '1994-09-05', '8282229593', '32/8, Marigold Crescent, Gandhipuram, Coimbatore, 641012', '50', NULL),
('WJB1578889', 'Divya Kumar', '1996-11-03', '9098808691', '49/13, Lavender Road, Peelamedu, Coimbatore, 641087', '89', NULL),
('WJB1578897', 'Vinod Iyengar', '2003-02-13', '9087094768', '29/8, Marigold Crescent, Gandhipuram, Coimbatore, 641012', '24', NULL),
('WJB1578905', 'Priya Iyengar', '1993-10-20', '8759558849', '38/24, Lavender Road, Peelamedu, Coimbatore, 641087', '8', NULL),
('WJB1578913', 'Geetha Krishnan', '1991-10-27', '8818362862', '74/32, Tulip Avenue, Singanallur, Coimbatore, 641005', '95', NULL),
('WJB1578921', 'Ramesh Verma', '1998-02-25', '8869604820', '51/22, Rose Lane, Ganapathy, Coimbatore, 641006', '69', NULL),
('WJB1578947', 'Divya Sundaram', '1996-03-15', '9909609819', '54/15, Rose Lane, Ganapathy, Coimbatore, 641006', '83', NULL),
('WJB1578954', 'Geetha Verma', '1994-04-26', '8371948754', '70/36, Tulip Avenue, Singanallur, Coimbatore, 641005', '49', NULL),
('WJB1578962', 'Hari Rao', '1997-02-03', '8517101299', '40/13, Sunflower Street, RS Puram, Coimbatore, 641002', '94', NULL),
('WJB1578970', 'Divya Iyer', '1990-12-05', '8704337171', '70/19, Tulip Avenue, Singanallur, Coimbatore, 641005', '72', NULL),
('WJB1578996', 'Hari Sundaram', '2001-01-09', '9282449942', '71/23, Rose Lane, Ganapathy, Coimbatore, 641006', '52', NULL),
('WJB1579010', 'Hari Patel', '1991-09-17', '9851984279', '76/24, Orchid Road, Ramanathapuram, Coimbatore, 641045', '44', NULL),
('WJB1579028', 'Ramesh Naidu', '1990-02-11', '9195311942', '30/14, Sunflower Street, RS Puram, Coimbatore, 641002', '25', NULL),
('WJB1579044', 'Sneha Iyengar', '2000-10-31', '8326113814', '47/20, Lily Close, Tidel Park, Coimbatore, 641014', '28', NULL),
('WJB1579051', 'Geetha Rajan', '1998-11-12', '9135920528', '37/18, Lavender Road, Peelamedu, Coimbatore, 641087', '7', NULL),
('WJB1579069', 'Santosh Nair', '1992-03-26', '9234526286', '82/28, Orchid Road, Ramanathapuram, Coimbatore, 641045', '17', NULL),
('WJB1579077', 'Divya Sundaram', '1996-08-04', '8516363152', '30/16, Sunflower Street, RS Puram, Coimbatore, 641002', '21', NULL),
('WJB1579085', 'Hari Verma', '2000-08-08', '8422903433', '81/25, Orchid Road, Ramanathapuram, Coimbatore, 641045', '67', NULL),
('WJB1579093', 'Santosh Krishnan', '1997-12-13', '8111289395', '61/23, Orchid Road, Ramanathapuram, Coimbatore, 641045', '4', NULL),
('WJB1579101', 'Padma Iyer', '1996-01-20', '9993933048', '67/17, Rose Lane, Ramanathapuram, Coimbatore, 641045', '90', NULL),
('WJB1579143', 'Ananya Naidu', '1997-05-17', '8298912793', '86/22, Lily Close, Tidel Park, Coimbatore, 641014', '18', NULL),
('WJB1579150', 'Sneha Raghavan', '1998-01-29', '9965468629', '29/10, Sunflower Street, RS Puram, Coimbatore, 641002', '94', NULL),
('WJB1579168', 'Divya Sundaram', '1996-06-27', '8435793573', '76/26, Aster Road, Saibaba Colony, Coimbatore, 641011', '43', NULL),
('WJB1579184', 'Hari Menon', '2000-02-07', '9361668886', '46/20, Lavender Road, Peelamedu, Coimbatore, 641087', '39', NULL),
('WJB1579192', 'Hari Iyengar', '1998-02-24', '9622802318', '33/15, Aster Road, Saibaba Colony, Coimbatore, 641011', '43', NULL),
('WJB1579200', 'Priya Sundaram', '1995-10-01', '9916855638', '78/24, Orchid Road, Ramanathapuram, Coimbatore, 641045', '61', NULL),
('WJB1579218', 'Shruti Subramanian', '1997-04-05', '8546411575', '67/12, Marigold Crescent, Ramanathapuram, Coimbatore, 641045', '71', NULL),
('WJB1588466', 'Geetha Raghavan', '1988-05-08', '8099432850', '33/32, Tulip Avenue, Singanallur, Coimbatore, 641005', '36', NULL),
('WJB1588474', 'Geetha Raghavan', '1988-09-27', '8306861683', '32/26, Marigold Crescent, Gandhipuram, Coimbatore, 641012', '36', NULL),
('WJB1588532', 'Santosh Sundaram', '1991-09-16', '8481099305', '70/40, Tulip Avenue, Singanallur, Coimbatore, 641005', '73', NULL),
('WJB1589670', 'Divya Sundaram', '1995-03-27', '8822668125', '38/36, Lavender Road, Peelamedu, Coimbatore, 641087', '27', NULL),
('WJB1589688', 'Santosh Sundaram', '1994-01-05', '9543017017', '51/40, Rose Lane, Ganapathy, Coimbatore, 641006', '58', NULL),
('WJB1594464', 'Priya Iyengar', '1991-08-14', '8525156529', '71/60, Rose Lane, Ganapathy, Coimbatore, 641006', '54', NULL),
('WJB1594563', 'Hari Verma', '1980-06-28', '8701035827', '38/44, Lavender Road, Peelamedu, Coimbatore, 641087', '49', NULL),
('WJB1618578', 'Sneha Rao', '1991-04-06', '8377499226', '60/20, Rose Lane, Ganapathy, Coimbatore, 641006', '71', NULL),
('WJB1621002', 'Sneha Krishnan', '1997-10-03', '8758971386', '47/18, Lavender Road, Peelamedu, Coimbatore, 641087', '76', NULL),
('WJB1621010', 'Geetha Patel', '1988-08-12', '9915766281', '74/25, Aster Road, Saibaba Colony, Coimbatore, 641011', '68', NULL),
('WJB1621390', 'Ramesh Verma', '1995-03-12', '9058460422', '42/40, Lily Close, Tidel Park, Coimbatore, 641014', '28', NULL),
('WJB1630854', 'Geetha Patel', '1993-10-19', '8091976372', '60/48, Rose Lane, Ganapathy, Coimbatore, 641006', '83', NULL),
('WJB1630862', 'Geetha Patel', '1996-11-14', '9340889112', '76/78, Aster Road, Saibaba Colony, Coimbatore, 641011', '85', NULL),
('WJB1630870', 'Divya Sundaram', '1994-12-21', '8300482788', '46/44, Lavender Road, Peelamedu, Coimbatore, 641087', '77', NULL),
('WJB1823764', 'Sneha Raghavan', '1976-10-17', '8340276695', '40/46, Lavender Road, Peelamedu, Coimbatore, 641087', '21', NULL),
('WJB1850700', 'Santosh Sundaram', '1986-03-21', '9038000864', '32/32, Marigold Crescent, Gandhipuram, Coimbatore, 641012', '62', NULL),
('WJB1850718', 'Ramesh Raman', '1993-08-26', '9567564934', '63/54, Lily Close, Tidel Park, Coimbatore, 641014', '48', NULL),
('WJB1850726', 'Priya Iyengar', '1992-03-04', '9059796723', '69/48, Rose Lane, Ganapathy, Coimbatore, 641006', '49', NULL),
('WJB1850734', 'Sneha Raghavan', '1993-10-30', '9401596825', '87/420, Daisy Lane, Vadavalli, Coimbatore, 641041', '9', NULL),
('WJB1850742', 'Santosh Sundaram', '1985-11-01', '9482275529', '44/42, Aster Road, Saibaba Colony, Coimbatore, 641011', '18', NULL),
('WJB1850858', 'Priya Iyengar', '1996-07-23', '8618376964', '51/56, Rose Lane, Ganapathy, Coimbatore, 641006', '48', NULL),
('WJB1850866', 'Nalini Patel', '1985-07-09', '8223318759', '54/44, Marigold Crescent, Gandhipuram, Coimbatore, 641012', '86', NULL),
('WJB1850874', 'Priya Iyengar', '1991-08-20', '9437731913', '42/46, Lily Close, Tidel Park, Coimbatore, 641014', '30', NULL),
('WJB1850882', 'Divya Sundaram', '1993-03-29', '9881816946', '60/60, Rose Lane, Ganapathy, Coimbatore, 641006', '81', NULL),
('WJB1850890', 'Geetha Patel', '1972-04-06', '8466365695', '90/2260, Daisy Lane, Vadavalli, Coimbatore, 641041', '62', NULL),
('WJB1850908', 'Santosh Krishnan', '1979-05-05', '8114252038', '33/42, Tulip Avenue, Singanallur, Coimbatore, 641005', '48', NULL),
('WJB1850916', 'Santosh Krishnan', '1974-06-23', '9607842293', '60/62, Orchid Road, Ramanathapuram, Coimbatore, 641045', '21', NULL),
('WJB1850924', 'Priya Iyengar', '1992-10-12', '8702652264', '86/2920, Daisy Lane, Vadavalli, Coimbatore, 641041', '28', NULL),
('WJB1850932', 'Vinod Iyengar', '1984-07-26', '9966399660', '45/46, Lily Close, Tidel Park, Coimbatore, 641014', '13', NULL),
('WJB1850940', 'Priya Iyengar', '1994-11-27', '8332705307', '30/38, Sunflower Street, RS Puram, Coimbatore, 641002', '73', NULL),
('WJB1850957', 'Geetha Patel', '1999-09-09', '9491909637', '32/42, Marigold Crescent, Gandhipuram, Coimbatore, 641012', '36', NULL),
('WJB1850965', 'Nalini Patel', '1992-03-03', '9987146788', '70/68, Rose Lane, Ganapathy, Coimbatore, 641006', '68', NULL),
('WJB1851138', 'Lakshmi Patel', '1993-12-09', '8976386460', '39/12, Tulip Avenue, Singanallur, Coimbatore, 641005', '61', NULL),
('WJB1851146', 'Anjali Sharma', '1989-04-22', '9272365709', '70/17, Lavender Road, Peelamedu, Coimbatore, 641087', '17', NULL),
('WJB1851153', 'Maya Sharma', '1997-08-07', '8507457735', '58/14, Rose Lane, Ganapathy, Coimbatore, 641006', '36', NULL),
('WJB1851161', 'Lakshmi Iyer', '1993-07-27', '9782297739', '83/21, Orchid Road, Ramanathapuram, Coimbatore, 641045', '24', NULL),
('WJB1851179', 'Kavitha Iyengar', '2001-01-11', '8935124171', '36/12, Lavender Road, Peelamedu, Coimbatore, 641087', '67', NULL),
('WJB1851195', 'Sneha Menon', '1994-03-16', '8999035832', '54/16, Marigold Crescent, Gandhipuram, Coimbatore, 641012', '90', NULL),
('WJB1851203', 'Geetha Sundaram', '1995-11-02', '8147817852', '43/18, Aster Road, Saibaba Colony, Coimbatore, 641011', '95', NULL),
('WJB1851211', 'Sneha Sundaram', '1989-07-24', '8153683442', '69/24, Rose Lane, Ganapathy, Coimbatore, 641006', '69', NULL),
('WJB1851229', 'Geetha Raghavan', '1995-03-16', '9321529865', '58/19, Orchid Road, Ramanathapuram, Coimbatore, 641045', '83', NULL),
('WJB1851237', 'Hari Verma', '1994-01-02', '8390674127', '70/24, Tulip Avenue, Singanallur, Coimbatore, 641005', '88', NULL),
('WJB1851245', 'Ramesh Rajan', '1993-11-22', '8715307776', '35/14, Lavender Road, Peelamedu, Coimbatore, 641087', '30', NULL),
('WJB1851252', 'Geetha Verma', '1992-12-10', '8428109278', '61/22, Orchid Road, Ramanathapuram, Coimbatore, 641045', '73', NULL),
('WJB1851294', 'Divya Sundaram', '2000-09-08', '9389172937', '56/18, Rose Lane, Ganapathy, Coimbatore, 641006', '4', NULL),
('WJB1851302', 'Santosh Rajan', '1993-03-14', '9499789312', '68/21, Daisy Lane, Vadavalli, Coimbatore, 641041', '78', NULL),
('WJB1851310', 'Geetha Sundaram', '1991-02-17', '9477025854', '64/21, Rose Lane, Ganapathy, Coimbatore, 641006', '43', NULL),
('WJB1851328', 'Geetha Verma', '1993-10-07', '9249234378', '52/20, Tulip Avenue, Singanallur, Coimbatore, 641005', '42', NULL),
('WJB1851336', 'Sneha Raghavan', '1989-05-18', '8208189563', '37/16, Lavender Road, Peelamedu, Coimbatore, 641087', '93', NULL),
('WJB1851344', 'Divya Patel', '1991-03-06', '8399891615', '49/21, Rose Lane, Ganapathy, Coimbatore, 641006', '48', NULL),
('WJB1851351', 'Hari Nair', '2000-02-12', '9704461431', '74/30, Tulip Avenue, Singanallur, Coimbatore, 641005', '7', NULL),
('WJB1851369', 'Vinod Raman', '2000-11-27', '9287055959', '42/20, Lily Close, Tidel Park, Coimbatore, 641014', '74', NULL),
('WJB1851377', 'Ramesh Krishnan', '1998-11-04', '8144045684', '28/18, Sunflower Street, RS Puram, Coimbatore, 641002', '22', NULL),
('WJB1851385', 'Sneha Verma', '1995-05-17', '8600024196', '88/47, Daisy Lane, Vadavalli, Coimbatore, 641041', '1', NULL),
('WJB1851393', 'Priya Patel', '1989-12-10', '9556922516', '64/31, Rose Lane, Ganapathy, Coimbatore, 641006', '53', NULL),
('WJB1851401', 'Ramesh Sundaram', '1988-10-25', '8187795276', '51/24, Rose Lane, Ganapathy, Coimbatore, 641006', '5', NULL),
('WJB1851427', 'Vinod Raman', '1996-09-27', '9080581584', '61/24, Orchid Road, Ramanathapuram, Coimbatore, 641045', '28', NULL),
('WJB1851435', 'Geetha Patel', '1999-11-12', '9785488674', '46/27, Lavender Road, Peelamedu, Coimbatore, 641087', '8', NULL),
('WJB1851443', 'Hari Nair', '1991-01-22', '9578382975', '27/16, Sunflower Street, RS Puram, Coimbatore, 641002', '3', NULL),
('WJB1851450', 'Divya Raman', '1989-12-03', '8797673769', '59/23, Rose Lane, Ganapathy, Coimbatore, 641006', '77', NULL),
('WJB1851468', 'Ramesh Sundaram', '1995-02-08', '8000319922', '57/22, Orchid Road, Ramanathapuram, Coimbatore, 641045', '35', NULL),
('WJB1851476', 'Geetha Verma', '1988-05-14', '8948749473', '46/22, Lily Close, Tidel Park, Coimbatore, 641014', '52', NULL),
('WJB1851484', 'Priya Patel', '1992-08-18', '8649712250', '76/30, Aster Road, Saibaba Colony, Coimbatore, 641011', '59', NULL),
('WJB1851492', 'Santosh Krishnan', '1991-01-29', '8204390765', '40/28, Lavender Road, Peelamedu, Coimbatore, 641087', '99', NULL),
('WJB1851500', 'Vinod Patel', '1989-09-12', '9194332695', '63/35, Lily Close, Tidel Park, Coimbatore, 641014', '2', NULL),
('WJB1859412', 'Ramesh Verma', '2000-08-03', '8645015416', '44/38, Aster Road, Saibaba Colony, Coimbatore, 641011', '97', NULL),
('WJB1887355', 'Karthik Rajan', '1990-04-28', '8417002737', '45/15, Aster Road, Saibaba Colony, Coimbatore, 641011', '4', NULL),
('WJB1994268', 'Geetha Patel', '1990-08-15', '8586334068', '51/48, Rose Lane, Ganapathy, Coimbatore, 641006', '1', NULL),
('WJB1994540', 'Santosh Krishnan', '1976-09-29', '8379037077', '45/40, Lily Close, Tidel Park, Coimbatore, 641014', '26', NULL),
('WJB2004315', 'Divya Sundaram', '1993-10-22', '9148341113', '85/168, Orchid Road, Ramanathapuram, Coimbatore, 641045', '30', NULL),
('WJB2004331', 'Priya Iyengar', '1984-05-26', '9915217102', '70/56, Tulip Avenue, Singanallur, Coimbatore, 641005', '54', NULL),
('WJB2004422', 'Hari Menon', '1975-11-02', '9082044603', '72/64, Tulip Avenue, Singanallur, Coimbatore, 641005', '14', NULL),
('WJB2004711', 'Santosh Sundaram', '1983-12-09', '8505676385', '27/32, Sunflower Street, RS Puram, Coimbatore, 641002', '71', NULL),
('WJB2004729', 'Sneha Raghavan', '1983-08-07', '9385313378', '34/36, Marigold Crescent, Gandhipuram, Coimbatore, 641012', '62', NULL),
('WJB2004745', 'Hari Verma', '1985-12-16', '8636622658', '70/64, Tulip Avenue, Singanallur, Coimbatore, 641005', '58', NULL),
('WJB2004752', 'Priya Iyengar', '1992-10-14', '9608451255', '57/60, Orchid Road, Ramanathapuram, Coimbatore, 641045', '23', NULL),
('WJB2004760', 'Priya Iyengar', '1980-02-11', '9689813067', '44/46, Aster Road, Saibaba Colony, Coimbatore, 641011', '13', NULL),
('WJB2004786', 'Hari Verma', '1976-01-02', '8485343312', '40/44, Lavender Road, Peelamedu, Coimbatore, 641087', '61', NULL),
('WJB2004794', 'Nalini Patel', '1986-11-11', '9119855267', '52/60, Tulip Avenue, Singanallur, Coimbatore, 641005', '30', NULL),
('WJB2004869', 'Nalini Patel', '1982-05-15', '8341996988', '28/28, Sunflower Street, RS Puram, Coimbatore, 641002', '47', NULL),
('WJB2004877', 'Geetha Patel', '1997-08-03', '8330273989', '64/54, Rose Lane, Ganapathy, Coimbatore, 641006', '17', NULL),
('WJB2004885', 'Nalini Krishnan', '1993-11-24', '8629308413', '85/32, Orchid Road, Ramanathapuram, Coimbatore, 641045', '29', NULL),
('WJB2004893', 'Sneha Patel', '1991-07-18', '9406161300', '29/14, Sunflower Street, RS Puram, Coimbatore, 641002', '65', NULL),
('WJB2004901', 'Maya Menon', '1987-11-24', '9147922029', '59/19, Rose Lane, Ganapathy, Coimbatore, 641006', '54', NULL),
('WJB2004919', 'Vinod Raman', '1991-12-22', '8704207881', '90/38, Lily Close, Tidel Park, Coimbatore, 641014', '55', NULL),
('WJB2004927', 'Ramesh Krishnan', '1995-01-11', '9024182592', '65/24, Marigold Crescent, Gandhipuram, Coimbatore, 641012', '1', NULL),
('WJB2004935', 'Ramesh Rajagopal', '1994-04-25', '8012883349', '37/17, Marigold Crescent, Gandhipuram, Coimbatore, 641012', '20', NULL),
('WJB2004943', 'Sneha Krishnan', '1996-01-31', '8939099149', '46/18, Lavender Road, Peelamedu, Coimbatore, 641087', '77', NULL),
('WJB2004968', 'Vinod Verma', '1999-03-17', '9134625667', '54/18, Rose Lane, Ganapathy, Coimbatore, 641006', '95', NULL),
('WJB2004984', 'Ramesh Nair', '1998-01-21', '8270015177', '86/32, Daisy Lane, Vadavalli, Coimbatore, 641041', '33', NULL),
('WJB2004992', 'Geetha Iyengar', '1995-06-30', '8492201103', '62/23, Rose Lane, Ganapathy, Coimbatore, 641006', '62', NULL),
('WJB2005007', 'Vinod Patel', '1988-10-15', '8637018504', '39/17, Aster Road, Saibaba Colony, Coimbatore, 641011', '71', NULL),
('WJB2005023', 'Hari Krishnan', '1997-01-24', '8328722479', '69/26, Tulip Avenue, Singanallur, Coimbatore, 641005', '58', NULL),
('WJB2005049', 'Nalini Patel', '1997-08-03', '8856593428', '62/20, Marigold Crescent, Gandhipuram, Coimbatore, 641012', '76', NULL),
('WJB2005056', 'Hari Sundaram', '1994-03-14', '9866042558', '54/19, Marigold Crescent, Gandhipuram, Coimbatore, 641012', '61', NULL),
('WJB2005064', 'Ramesh Sundaram', '1998-10-02', '8924286854', '31/16, Marigold Crescent, Gandhipuram, Coimbatore, 641012', '14', NULL),
('WJB2005072', 'Vinod Verma', '1995-01-22', '8611987005', '80/24, Orchid Road, Ramanathapuram, Coimbatore, 641045', '59', NULL),
('WJB2005080', 'Priya Patel', '1999-02-14', '9263756838', '48/17, Tulip Avenue, Singanallur, Coimbatore, 641005', '26', NULL),
('WJB2005098', 'Sneha Patel', '1997-08-21', '8299091024', '72/26, Tulip Avenue, Singanallur, Coimbatore, 641005', '1', NULL),
('WJB2005106', 'Ramesh Menon', '1996-09-02', '8954133073', '32/16, Marigold Crescent, Gandhipuram, Coimbatore, 641012', '70', NULL),
('WJB2009017', 'Sneha Raghavan', '1999-02-08', '8433462502', '72/44, Tulip Avenue, Singanallur, Coimbatore, 641005', '30', NULL),
('WJB2013852', 'Geetha Verma', '1995-10-27', '9185287756', '50/19, Tulip Avenue, Singanallur, Coimbatore, 641005', '14', NULL),
('WJB2026953', 'Santosh Sundaram', '1984-11-10', '9054065306', '70/52, Tulip Avenue, Singanallur, Coimbatore, 641005', '71', NULL),
('WJB2027779', 'Geetha Patel', '2001-03-01', '9915761334', '66/21, Lily Close, Tidel Park, Coimbatore, 641014', '95', NULL),
('WJB2032795', 'Sneha Raghavan', '1995-10-16', '8926480147', '87/220, Daisy Lane, Vadavalli, Coimbatore, 641041', '72', NULL),
('WJB2153559', 'Vinod Patel', '1999-06-22', '8208874361', '46/40, Lavender Road, Peelamedu, Coimbatore, 641087', '35', NULL),
('WJB2153567', 'Vinod Patel', '1991-02-16', '9910296014', '85/68, Orchid Road, Ramanathapuram, Coimbatore, 641045', '82', NULL),
('WJB2154052', 'Hari Menon', '1973-08-08', '9065288535', '54/40, Marigold Crescent, Gandhipuram, Coimbatore, 641012', '63', NULL),
('WJB2154078', 'Ramesh Verma', '1990-03-31', '9603123008', '48/40, Lily Close, Tidel Park, Coimbatore, 641014', '11', NULL),
('WJB2154086', 'Geetha Patel', '1990-07-21', '8092605983', '69/54, Rose Lane, Ganapathy, Coimbatore, 641006', '13', NULL),
('WJB2154094', 'Divya Sundaram', '1972-01-30', '8040554515', '35/32, Lavender Road, Peelamedu, Coimbatore, 641087', '2', NULL),
('WJB2154102', 'Hari Verma', '1987-11-14', '9296106707', '30/32, Sunflower Street, RS Puram, Coimbatore, 641002', '50', NULL),
('WJB2154110', 'Ramesh Verma', '1991-03-15', '8465557023', '63/56, Lily Close, Tidel Park, Coimbatore, 641014', '2', NULL),
('WJB2154128', 'Ramesh Raman', '1973-02-22', '9407384125', '27/30, Sunflower Street, RS Puram, Coimbatore, 641002', '55', NULL),
('WJB2154136', 'Geetha Patel', '1983-10-28', '8463041531', '60/58, Orchid Road, Ramanathapuram, Coimbatore, 641045', '69', NULL),
('WJB2154169', 'Karthik Sundaram', '1987-11-28', '9713065120', '77/19, Marigold Crescent, Ganapathy, Coimbatore, 641006', '68', NULL),
('WJB2154177', 'Meera Venkat', '2001-05-10', '9725296256', '53/7, Tulip Avenue, Tidel Park, Coimbatore, 641014', '9', NULL),
('WJB2154193', 'Geetha Patel', '1990-04-29', '9880599012', '77/29, Orchid Road, Ramanathapuram, Coimbatore, 641045', '48', NULL),
('WJB2154201', 'Hari Menon', '1992-06-09', '9328773252', '48/27, Lily Close, Tidel Park, Coimbatore, 641014', '76', NULL),
('WJB2154219', 'Hari Nair', '1996-03-28', '8366532977', '74/27, Tulip Avenue, Singanallur, Coimbatore, 641005', '57', NULL),
('WJB2193746', 'Divya Sundaram', '1997-04-27', '8818262041', '35/28, Lavender Road, Peelamedu, Coimbatore, 641087', '50', NULL),
('WJB2196114', 'Priya Iyengar', '1997-09-13', '9018626402', '36/40, Marigold Crescent, Gandhipuram, Coimbatore, 641012', '25', NULL),
('WJB2200467', 'Vani Desai', '1998-12-12', '8122917805', '84/20, Daisy Lane, Singanallur, Coimbatore, 641005', '25', NULL),
('WJB2271967', 'Ramesh Sundaram', '1991-09-18', '9903385507', '33/13, Sunflower Street, RS Puram, Coimbatore, 641002', '64', NULL),
('WJB2271975', 'Maya Rajan', '1992-04-29', '8365785429', '76/21, Lavender Road, Peelamedu, Coimbatore, 641087', '82', NULL),
('WJB2271983', 'Priya Sundaram', '1996-01-10', '8423875887', '64/19, Daisy Lane, Vadavalli, Coimbatore, 641041', '3', NULL),
('WJB2278663', 'Priya Iyengar', '1992-04-16', '8939163374', '72/50, Tulip Avenue, Singanallur, Coimbatore, 641005', '43', NULL),
('WJB2278671', 'Hari Verma', '1990-03-14', '9054214283', '28/26, Sunflower Street, RS Puram, Coimbatore, 641002', '71', NULL),
('WJB2539765', 'Ramesh Verma', '1977-02-19', '8777210687', '75/100, Aster Road, Saibaba Colony, Coimbatore, 641011', '81', NULL),
('WJB2539815', 'Vinod Iyengar', '1992-05-02', '9965451974', '78/88, Aster Road, Saibaba Colony, Coimbatore, 641011', '21', NULL),
('WJB2539898', 'Hari Menon', '1973-08-22', '8265206190', '65/56, Marigold Crescent, Gandhipuram, Coimbatore, 641012', '78', NULL),
('WJB2540722', 'Santosh Menon', '1987-11-26', '8796473365', '28/13, Sunflower Street, RS Puram, Coimbatore, 641002', '40', NULL),
('WJB2540730', 'Ramesh Sundaram', '1995-03-20', '9032191167', '55/23, Marigold Crescent, Gandhipuram, Coimbatore, 641012', '72', NULL),
('WJB2540755', 'Santosh Patel', '1999-01-25', '8398371516', '85/27, Daisy Lane, Vadavalli, Coimbatore, 641041', '78', NULL),
('WJB2540763', 'Vinod Menon', '1992-02-11', '8609795580', '88/39, Daisy Lane, Vadavalli, Coimbatore, 641041', '64', NULL),
('WJB2540771', 'Santosh Krishnan', '1992-07-25', '9832074389', '38/15, Aster Road, Saibaba Colony, Coimbatore, 641011', '25', NULL),
('WJB2540789', 'Sneha Patel', '1992-05-06', '9129308275', '78/32, Aster Road, Saibaba Colony, Coimbatore, 641011', '95', NULL),
('WJB2540797', 'Sneha Patel', '1997-11-10', '8029141809', '56/30, Orchid Road, Ramanathapuram, Coimbatore, 641045', '16', NULL),
('WJB2540805', 'Santosh Sundaram', '1993-05-27', '8679076872', '34/20, Marigold Crescent, Gandhipuram, Coimbatore, 641012', '6', NULL),
('WJB2540813', 'Vinod Sundaram', '1998-10-17', '8604029919', '36/19, Aster Road, Saibaba Colony, Coimbatore, 641011', '72', NULL),
('WJB2540821', 'Divya Verma', '1997-10-14', '8477795845', '30/18, Sunflower Street, RS Puram, Coimbatore, 641002', '5', NULL),
('WJB2540839', 'Ramesh Verma', '1999-02-06', '8701335387', '79/31, Daisy Lane, Vadavalli, Coimbatore, 641041', '12', NULL),
('WJB2540847', 'Santosh Menon', '1992-07-14', '8635702726', '73/27, Tulip Avenue, Singanallur, Coimbatore, 641005', '92', NULL),
('WJB2540854', 'Vinod Patel', '1988-04-20', '8177700800', '38/19, Lavender Road, Peelamedu, Coimbatore, 641087', '64', NULL),
('WJB2540862', 'Santosh Iyengar', '1992-08-16', '9587690959', '55/20, Marigold Crescent, Gandhipuram, Coimbatore, 641012', '79', NULL),
('WJB2540888', 'Priya Verma', '1990-02-12', '8437823590', '30/17, Sunflower Street, RS Puram, Coimbatore, 641002', '41', NULL),
('WJB2540896', 'Priya Iyengar', '1997-12-11', '8742629292', '88/41, Daisy Lane, Vadavalli, Coimbatore, 641041', '65', NULL),
('WJB2540904', 'Vinod Verma', '1998-08-22', '9097912082', '72/27, Tulip Avenue, Singanallur, Coimbatore, 641005', '88', NULL),
('WJB2540920', 'Divya Iyengar', '1998-12-26', '8040941300', '32/18, Marigold Crescent, Gandhipuram, Coimbatore, 641012', '47', NULL),
('WJB2540938', 'Sneha Rajan', '1994-07-12', '8996207163', '71/29, Rose Lane, Ganapathy, Coimbatore, 641006', '42', NULL),
('WJB2540946', 'Hari Patel', '1995-11-06', '8374028079', '85/34, Orchid Road, Ramanathapuram, Coimbatore, 641045', '20', NULL),
('WJB2540953', 'Arjun Nair', '1999-02-08', '8561746532', '42/10, Aster Road, Gandhipuram, Coimbatore, 641012', '74', NULL),
('WJB2540961', 'Santosh Krishnan', '1993-09-02', '8323558654', '68/28, Tulip Avenue, Singanallur, Coimbatore, 641005', '45', NULL),
('WJB2540979', 'Arvind Ranganathan', '1991-03-24', '8265899833', '44/11, Marigold Crescent, Singanallur, Coimbatore, 641005', '96', NULL),
('WJB2540987', 'Meera Verma', '1997-10-30', '9718036816', '67/16, Sunflower Street, RS Puram, Coimbatore, 641002', '49', NULL),
('WJB2540995', 'Sneha Verma', '1998-12-23', '9027470958', '32/15, Marigold Crescent, Gandhipuram, Coimbatore, 641012', '71', NULL),
('WJB2541001', 'Divya Krishnamurthy', '1997-11-01', '9987452172', '71/18, Sunflower Street, Peelamedu, Coimbatore, 641087', '32', NULL),
('WJB2541019', 'Arvind Nair', '1995-07-21', '9421187357', '56/14, Rose Lane, Ganapathy, Coimbatore, 641006', '87', NULL),
('WJB2541027', 'Arjun Verma', '1990-03-31', '9179810947', '46/16, Aster Road, Saibaba Colony, Coimbatore, 641011', '81', NULL),
('WJB2541662', 'Geetha Menon', '1988-04-27', '8162526445', '67/21, Sunflower Street, RS Puram, Coimbatore, 641002', '82', NULL),
('WJB2541761', 'Vinod Krishnan', '1996-12-17', '8177492510', '89/33, Daisy Lane, Vadavalli, Coimbatore, 641041', '70', NULL),
('WJB2544203', 'Vinod Menon', '1998-11-07', '8851306644', '72/23, Aster Road, Saibaba Colony, Coimbatore, 641011', '83', NULL),
('WJB2684751', 'Vinod Sundaram', '1997-11-05', '9468281545', '45/18, Lily Close, Tidel Park, Coimbatore, 641014', '99', NULL),
('WJB2684769', 'Karthik Iyengar', '1999-09-07', '8049829966', '92/24, Aster Road, Saibaba Colony, Coimbatore, 641011', '51', NULL),
('WJB2684777', 'Mani Rao', '1996-08-16', '9160283590', '37/10, Lavender Road, Peelamedu, Coimbatore, 641087', '62', NULL),
('WJB2684785', 'Sneha Raghavan', '1977-10-15', '9240605041', '88/1400, Daisy Lane, Vadavalli, Coimbatore, 641041', '91', NULL),
('WJB2684793', 'Hari Iyer', '1996-05-14', '8140406230', '38/13, Marigold Crescent, Gandhipuram, Coimbatore, 641012', '71', NULL),
('WJB2684801', 'Vinod Verma', '2000-03-09', '9261475232', '62/19, Orchid Road, Ramanathapuram, Coimbatore, 641045', '18', NULL),
('WJB2971927', 'Karthik Rao', '1988-07-18', '8144402071', '91/23, Lavender Road, Saibaba Colony, Coimbatore, 641011', '22', NULL),
('WJB3055654', 'Geetha Patel', '1986-11-22', '8227299307', '75/240, Aster Road, Saibaba Colony, Coimbatore, 641011', '39', NULL),
('WJB3055662', 'Priya Iyengar', '1970-04-10', '8956402475', '58/64, Orchid Road, Ramanathapuram, Coimbatore, 641045', '21', NULL),
('WJB3055670', 'Divya Sundaram', '1987-08-03', '8082086802', '69/62, Rose Lane, Ganapathy, Coimbatore, 641006', '78', NULL),
('WJB3177722', 'Santosh Krishnan', '1997-06-30', '8975147103', '52/34, Tulip Avenue, Singanallur, Coimbatore, 641005', '89', NULL),
('WJB3177730', 'Divya Sundaram', '1992-10-12', '8887296678', '40/38, Lavender Road, Peelamedu, Coimbatore, 641087', '60', NULL),
('WJB3177748', 'Ramesh Raman', '1991-01-27', '8609901503', '48/38, Lily Close, Tidel Park, Coimbatore, 641014', '95', NULL),
('WJB3177755', 'Santosh Sundaram', '1988-05-24', '9773691213', '63/48, Lily Close, Tidel Park, Coimbatore, 641014', '72', NULL),
('WJB3177763', 'Ramesh Rajagopal', '1995-01-25', '8725942326', '58/24, Orchid Road, Ramanathapuram, Coimbatore, 641045', '55', NULL),
('WJB3177771', 'Hari Nair', '1993-09-15', '9991822408', '46/21, Lily Close, Tidel Park, Coimbatore, 641014', '16', NULL),
('WJB3177789', 'Divya Patel', '1991-02-15', '9665396460', '47/21, Lavender Road, Peelamedu, Coimbatore, 641087', '37', NULL),
('WJB3177797', 'Hari Iyengar', '1987-11-03', '8723299034', '69/30, Rose Lane, Ganapathy, Coimbatore, 641006', '90', NULL),
('WJB3177805', 'Ramesh Raman', '1970-01-31', '8103860206', '38/42, Lavender Road, Peelamedu, Coimbatore, 641087', '43', NULL),
('WJB3177813', 'Hari Nair', '1991-01-12', '9878875979', '90/49, Daisy Lane, Vadavalli, Coimbatore, 641041', '79', NULL),
('WJB3177839', 'Ramesh Verma', '1992-10-28', '9004845431', '32/22, Marigold Crescent, Gandhipuram, Coimbatore, 641012', '7', NULL),
('WJB3177847', 'Sneha Rajan', '1996-03-24', '8325663519', '48/20, Lavender Road, Peelamedu, Coimbatore, 641087', '6', NULL),
('WJB3177854', 'Lakshmi Nair', '1988-06-12', '8210460595', '90/22, Orchid Road, Ramanathapuram, Coimbatore, 641045', '14', NULL),
('WJB3177862', 'Divya Sundaram', '1987-12-07', '8097436249', '79/380, Aster Road, Saibaba Colony, Coimbatore, 641011', '92', NULL),
('WJB3177870', 'Hari Iyengar', '1999-01-12', '8587353446', '56/28, Orchid Road, Ramanathapuram, Coimbatore, 641045', '58', NULL),
('WJB3177888', 'Sneha Raghavan', '1999-05-03', '8597755802', '87/78, Daisy Lane, Vadavalli, Coimbatore, 641041', '1', NULL),
('WJB3177896', 'Priya Iyengar', '1998-12-15', '8911359521', '42/34, Lily Close, Tidel Park, Coimbatore, 641014', '65', NULL),
('WJB3177912', 'Prakash Murthy', '2003-02-16', '9808339892', '47/12, Aster Road, RS Puram, Coimbatore, 641002', '89', NULL),
('WJB3177920', 'Priya Iyengar', '1994-08-08', '8436627459', '80/29, Daisy Lane, Vadavalli, Coimbatore, 641041', '99', NULL),
('WJB3177938', 'Anjali Rao', '1995-01-06', '9826043474', '49/11, Lavender Road, Ramanathapuram, Coimbatore, 641045', '80', NULL);
INSERT INTO `voters` (`Epicid`, `name`, `dob`, `mobileno`, `address`, `wardno`, `Voted`) VALUES
('WJB3177946', 'Ramesh Verma', '1993-01-12', '8577805963', '64/39, Rose Lane, Ganapathy, Coimbatore, 641006', '98', NULL),
('WJB3177953', 'Vinod Patel', '1992-09-10', '8281360838', '48/30, Lily Close, Tidel Park, Coimbatore, 641014', '61', NULL),
('WJB3177961', 'Hari Menon', '1981-09-15', '8094110883', '64/64, Rose Lane, Ganapathy, Coimbatore, 641006', '26', NULL),
('WJB3211646', 'Divya Iyer', '1994-07-11', '8166874168', '59/20, Orchid Road, Ramanathapuram, Coimbatore, 641045', '15', NULL),
('WJB3211653', 'Ramesh Verma', '1989-05-13', '9560511734', '60/24, Orchid Road, Ramanathapuram, Coimbatore, 641045', '3', NULL),
('WJB3225562', 'Sneha Patel', '1999-03-05', '8315587924', '31/17, Sunflower Street, RS Puram, Coimbatore, 641002', '2', NULL),
('WJB3225752', 'Divya Sundaram', '1990-09-24', '8170117844', '78/56, Aster Road, Saibaba Colony, Coimbatore, 641011', '8', NULL),
('WJB3226230', 'Santosh Raman', '1998-03-02', '8005842711', '79/27, Daisy Lane, Vadavalli, Coimbatore, 641041', '75', NULL),
('WJB3226289', 'Priya Iyengar', '1988-10-15', '9460720372', '46/38, Lily Close, Tidel Park, Coimbatore, 641014', '46', NULL),
('WJB3250271', 'Vinod Menon', '1998-11-01', '8876180789', '52/23, Tulip Avenue, Singanallur, Coimbatore, 641005', '29', NULL),
('WJB3250289', 'Priya Iyengar', '1995-02-24', '9511840315', '28/21, Sunflower Street, RS Puram, Coimbatore, 641002', '88', NULL),
('WJB3250297', 'Sneha Raghavan', '1979-04-14', '8222736512', '79/156, Daisy Lane, Vadavalli, Coimbatore, 641041', '76', NULL),
('WJB3250305', 'Priya Sundaram', '1992-05-31', '9993709421', '38/21, Lavender Road, Peelamedu, Coimbatore, 641087', '48', NULL),
('WJB3250503', 'Divya Sundaram', '1992-02-05', '9993459551', '32/21, Marigold Crescent, Gandhipuram, Coimbatore, 641012', '15', NULL),
('WJB3261013', 'Sneha Iyengar', '1996-10-16', '9357590236', '77/28, Orchid Road, Ramanathapuram, Coimbatore, 641045', '97', NULL),
('WJB3261021', 'Nalini Rajagopal', '1989-07-31', '9565452531', '40/18, Lavender Road, Peelamedu, Coimbatore, 641087', '50', NULL),
('WJB3261039', 'Vinod Sundaram', '1990-11-15', '8578635122', '28/16, Sunflower Street, RS Puram, Coimbatore, 641002', '33', NULL),
('WJB3261047', 'Hari Rajagopal', '1995-04-23', '9203218589', '59/22, Rose Lane, Ganapathy, Coimbatore, 641006', '75', NULL),
('WJB3262235', 'Ramesh Verma', '1991-08-16', '8682427246', '32/40, Marigold Crescent, Gandhipuram, Coimbatore, 641012', '75', NULL),
('WJB3267044', 'Ramesh Verma', '1991-12-08', '9541723150', '74/24, Orchid Road, Ramanathapuram, Coimbatore, 641045', '55', NULL),
('WJB3267564', 'Hari Sundaram', '1990-09-16', '8704896344', '45/22, Lily Close, Tidel Park, Coimbatore, 641014', '3', NULL),
('WJB3351582', 'Ramesh Raman', '1988-11-17', '9451301078', '31/34, Sunflower Street, RS Puram, Coimbatore, 641002', '37', NULL),
('WJB3351590', 'Sneha Raghavan', '1999-03-11', '8189538434', '56/60, Marigold Crescent, Gandhipuram, Coimbatore, 641012', '9', NULL),
('WJB3354883', 'Hari Verma', '1995-12-06', '8171906096', '27/21, Sunflower Street, RS Puram, Coimbatore, 641002', '55', NULL),
('WJB3354891', 'Vinod Iyengar', '1996-11-14', '8845577665', '60/33, Rose Lane, Ganapathy, Coimbatore, 641006', '13', NULL),
('WJB3354909', 'Maya Menon', '1993-05-08', '9841525061', '94/25, Jasmine Street, Saibaba Colony, Coimbatore, 641011', '37', NULL),
('WJB3354917', 'Ramesh Rajagopal', '1992-01-30', '9474857094', '72/34, Tulip Avenue, Singanallur, Coimbatore, 641005', '68', NULL),
('WJB3354925', 'Suresh Naidu', '1995-07-13', '9781345305', '86/21, Lily Close, Tidel Park, Coimbatore, 641014', '70', NULL),
('WJB3354933', 'Gopal Verma', '1988-06-04', '8941354429', '48/12, Orchid Road, Saibaba Colony, Coimbatore, 641011', '46', NULL),
('WJB3354941', 'Sneha Iyer', '1997-01-07', '9290953048', '43/15, Aster Road, Saibaba Colony, Coimbatore, 641011', '17', NULL),
('WJB3354958', 'Santosh Krishnan', '1996-02-19', '9783026497', '36/13, Marigold Crescent, Gandhipuram, Coimbatore, 641012', '97', NULL),
('WJB3354966', 'Lavanya Sundaram', '1994-04-10', '9337044651', '53/13, Lavender Road, Singanallur, Coimbatore, 641005', '41', NULL),
('WJB3354974', 'Rajesh Pillai', '1992-04-19', '8587145676', '31/6, Tulip Avenue, Saibaba Colony, Coimbatore, 641011', '81', NULL),
('WJB3354982', 'Suresh Kumar', '1991-07-04', '9346944718', '58/13, Orchid Road, Vadavalli, Coimbatore, 641041', '88', NULL),
('WJB3354990', 'Divya Patel', '2001-08-24', '9583092862', '28/20, Sunflower Street, RS Puram, Coimbatore, 641002', '62', NULL),
('WJB3355013', 'Vinod Iyengar', '1997-09-16', '8339218712', '71/56, Rose Lane, Ganapathy, Coimbatore, 641006', '22', NULL),
('WJB3355021', 'Santosh Sharma', '1989-09-25', '9342022063', '78/22, Orchid Road, Ramanathapuram, Coimbatore, 641045', '2', NULL),
('WJB3355039', 'Anjali Patel', '1998-05-01', '9147660174', '43/12, Marigold Crescent, Gandhipuram, Coimbatore, 641012', '24', NULL),
('WJB3382223', 'Sneha Raghavan', '1997-07-27', '9744070493', '35/24, Lavender Road, Peelamedu, Coimbatore, 641087', '98', NULL),
('WJB3402773', 'Priya Menon', '2002-03-05', '9370360387', '85/22, Orchid Road, Ramanathapuram, Coimbatore, 641045', '26', NULL),
('WJB3416047', 'Vinod Menon', '1991-03-12', '8436818482', '68/18, Tulip Avenue, Singanallur, Coimbatore, 641005', '4', NULL),
('WJB3416062', 'Vinod Sundaram', '2002-08-09', '8627274487', '62/17, Rose Lane, Ganapathy, Coimbatore, 641006', '92', NULL),
('WJB3416195', 'Sneha Patel', '1993-10-02', '8073053934', '66/19, Lavender Road, Peelamedu, Coimbatore, 641087', '46', NULL),
('WJB3418688', 'Manoj Verma', '1987-11-19', '9030913000', '27/10, Sunflower Street, RS Puram, Coimbatore, 641002', '51', NULL),
('WJB3418720', 'Maya Raghavan', '1995-09-08', '9893443021', '55/14, Rose Lane, Ganapathy, Coimbatore, 641006', '21', NULL),
('WJB3425121', 'Kavitha Menon', '1994-01-13', '8521615111', '60/16, Tulip Avenue, Singanallur, Coimbatore, 641005', '17', NULL),
('WJB3425154', 'Krishnan Patel', '1999-09-11', '9025882614', '33/10, Aster Road, Saibaba Colony, Coimbatore, 641011', '40', NULL),
('WJB3431392', 'Ramesh Verma', '1993-09-02', '9106818955', '42/44, Lily Close, Tidel Park, Coimbatore, 641014', '78', NULL),
('WJB3433067', 'Ramesh Verma', '1995-08-18', '9253856358', '49/14, Daisy Lane, Vadavalli, Coimbatore, 641041', '8', NULL),
('WJB3433083', 'Divya Patel', '2000-11-28', '9617023681', '58/16, Rose Lane, Ganapathy, Coimbatore, 641006', '90', NULL),
('WJB3433109', 'Priya Krishnan', '1990-09-08', '9122684107', '92/25, Daisy Lane, Vadavalli, Coimbatore, 641041', '42', NULL),
('WJB3433117', 'Santosh Nair', '1992-05-20', '9057392917', '80/22, Orchid Road, Ramanathapuram, Coimbatore, 641045', '50', NULL),
('WJB3443108', 'Ramesh Patel', '1996-12-12', '8561492782', '44/16, Lily Close, Tidel Park, Coimbatore, 641014', '84', NULL),
('WJB3448404', 'Santosh Sundaram', '1981-09-27', '8828605468', '69/60, Rose Lane, Ganapathy, Coimbatore, 641006', '94', NULL),
('WJB3449535', 'Indira Deshpande', '1996-07-11', '8777381724', '79/18, Lily Close, Tidel Park, Coimbatore, 641014', '49', NULL),
('WJB3456266', 'Santosh Krishnan', '1999-09-08', '8686048710', '65/52, Marigold Crescent, Gandhipuram, Coimbatore, 641012', '19', NULL),
('WJB3460896', 'Arvind Sundaram', '1991-08-13', '9300212058', '41/16, Aster Road, Saibaba Colony, Coimbatore, 641011', '18', NULL),
('WJB3539244', 'Ramesh Iyer', '1993-09-20', '8275106972', '88/20, Daisy Lane, Vadavalli, Coimbatore, 641041', '2', NULL),
('WJB3944113', 'Mohan Krishnan', '1994-02-04', '8202433526', '83/20, Daisy Lane, Vadavalli, Coimbatore, 641041', '19', NULL),
('WJB3944121', 'Raghav Rao', '1995-10-03', '8739185585', '54/13, Tulip Avenue, Singanallur, Coimbatore, 641005', '69', NULL),
('WJB3944139', 'Lavanya Balakrishnan', '2000-03-04', '8569095769', '63/15, Lily Close, Tidel Park, Coimbatore, 641014', '46', NULL),
('WJB3944147', 'Vikram Sundaram', '1998-05-25', '8896244317', '69/18, Daisy Lane, Vadavalli, Coimbatore, 641041', '94', NULL),
('WJB3944154', 'Sujata Naidu', '1992-09-23', '8295998286', '91/23, Rose Lane, Ganapathy, Coimbatore, 641006', '93', NULL),
('WJB3944162', 'Nalini Menon', '1996-05-05', '8366199802', '58/15, Rose Lane, Ganapathy, Coimbatore, 641006', '44', NULL),
('WJB3944170', 'Kavitha Iyer', '1997-07-22', '8164006565', '59/17, Daisy Lane, Vadavalli, Coimbatore, 641041', '9', NULL),
('WJB3944188', 'Geetha Verma', '1996-11-14', '9597946075', '41/13, Aster Road, Saibaba Colony, Coimbatore, 641011', '48', NULL),
('WJB3944196', 'Maya Verma', '1997-03-18', '9275843783', '61/16, Daisy Lane, Vadavalli, Coimbatore, 641041', '12', NULL),
('WJB3944204', 'Kavitha Iyer', '1993-01-26', '8745241328', '37/11, Aster Road, Saibaba Colony, Coimbatore, 641011', '91', NULL),
('WJB3944212', 'Santosh Sundaram', '1995-01-19', '8666632632', '59/16, Rose Lane, Ganapathy, Coimbatore, 641006', '38', NULL),
('WJB3944220', 'Prasad Raman', '1998-11-30', '9690822441', '57/15, Marigold Crescent, Gandhipuram, Coimbatore, 641012', '1', NULL),
('WJB3944238', 'Karthik Rajan', '1992-08-27', '9027981453', '31/12, Sunflower Street, RS Puram, Coimbatore, 641002', '13', NULL),
('WJB3944246', 'Karthik Patel', '1997-07-24', '8251888514', '64/17, Tulip Avenue, Singanallur, Coimbatore, 641005', '66', NULL),
('WJB3944253', 'Nalini Sundaram', '1992-10-06', '9064690345', '38/12, Aster Road, Saibaba Colony, Coimbatore, 641011', '22', NULL),
('WJB3944261', 'Sneha Nair', '1988-05-23', '8824344376', '31/11, Sunflower Street, RS Puram, Coimbatore, 641002', '54', NULL),
('WJB3944279', 'Arjun Raghavan', '2000-05-31', '8811615065', '63/17, Daisy Lane, Vadavalli, Coimbatore, 641041', '5', NULL),
('WJB3944287', 'Ramesh Verma', '1999-09-01', '8529585509', '36/14, Lavender Road, Peelamedu, Coimbatore, 641087', '85', NULL),
('WJB3944295', 'Manoj Krishnan', '1994-10-07', '9622484037', '48/16, Tulip Avenue, Singanallur, Coimbatore, 641005', '12', NULL),
('WJB3944303', 'Vinod Patel', '2000-08-23', '9478261563', '50/15, Tulip Avenue, Singanallur, Coimbatore, 641005', '70', NULL),
('WJB3944311', 'Arvind Rao', '1999-03-08', '9458243325', '69/21, Daisy Lane, Vadavalli, Coimbatore, 641041', '28', NULL),
('WJB3944329', 'Arvind Rajagopal', '1993-03-03', '9875740499', '58/17, Rose Lane, Ganapathy, Coimbatore, 641006', '7', NULL),
('WJB3944337', 'Santosh Patel', '1993-07-07', '9032035604', '76/22, Marigold Crescent, Gandhipuram, Coimbatore, 641012', '99', NULL),
('WJB3944345', 'Karthik Verma', '1992-06-20', '8810129412', '84/23, Lily Close, Tidel Park, Coimbatore, 641014', '71', NULL),
('WJB3944352', 'Vinod Rao', '2000-08-25', '9189778641', '87/28, Daisy Lane, Vadavalli, Coimbatore, 641041', '71', NULL),
('WJB3944360', 'Geetha Rajan', '1998-10-17', '9867102558', '82/25, Daisy Lane, Vadavalli, Coimbatore, 641041', '37', NULL),
('WJB3944378', 'Maya Krishnan', '1997-02-21', '8671147155', '62/18, Lily Close, Tidel Park, Coimbatore, 641014', '99', NULL),
('WJB3944386', 'Arjun Naidu', '2002-04-11', '9036075867', '74/23, Orchid Road, Ramanathapuram, Coimbatore, 641045', '73', NULL),
('WJB3944394', 'Ramesh Krishnan', '1993-09-11', '9258846034', '36/15, Lavender Road, Peelamedu, Coimbatore, 641087', '77', NULL),
('WJB3944402', 'Nalini Iyer', '1993-05-11', '9137798522', '75/25, Tulip Avenue, Singanallur, Coimbatore, 641005', '25', NULL),
('WJB3944410', 'Vinod Patel', '1993-09-10', '9841327410', '87/35, Daisy Lane, Vadavalli, Coimbatore, 641041', '81', NULL),
('WJB3944428', 'Santosh Verma', '1999-12-01', '8650210511', '32/17, Tulip Avenue, Singanallur, Coimbatore, 641005', '84', NULL),
('WJB3944436', 'Vinod Menon', '1993-02-04', '8007364122', '77/25, Aster Road, Saibaba Colony, Coimbatore, 641011', '99', NULL),
('WJB3944444', 'Divya Iyengar', '1991-09-28', '8990586678', '84/26, Aster Road, Saibaba Colony, Coimbatore, 641011', '72', NULL),
('WJB3944451', 'Karthik Iyer', '2002-10-23', '8087724094', '32/14, Sunflower Street, RS Puram, Coimbatore, 641002', '62', NULL),
('WJB3944469', 'Priya Patel', '1991-01-21', '9431345787', '34/18, Marigold Crescent, Gandhipuram, Coimbatore, 641012', '84', NULL),
('WJB3944485', 'Priya Raghavan', '1998-01-16', '8989959680', '46/25, Lavender Road, Peelamedu, Coimbatore, 641087', '88', NULL),
('WJB3944493', 'Nalini Krishnan', '1999-03-13', '8020455904', '73/32, Aster Road, Saibaba Colony, Coimbatore, 641011', '2', NULL),
('WJB3944501', 'Geetha Rajan', '1996-07-26', '8740208054', '56/26, Orchid Road, Ramanathapuram, Coimbatore, 641045', '57', NULL),
('WJB3944519', 'Hari Iyengar', '1990-02-04', '9498947244', '27/18, Sunflower Street, RS Puram, Coimbatore, 641002', '66', NULL),
('WJB3944527', 'Divya Raghavan', '1997-08-09', '8298869953', '32/20, Marigold Crescent, Gandhipuram, Coimbatore, 641012', '3', NULL),
('WJB3944535', 'Santosh Menon', '1993-01-18', '9149954379', '71/31, Rose Lane, Ganapathy, Coimbatore, 641006', '14', NULL),
('WJB3944543', 'Sneha Raman', '1988-07-31', '8072776028', '60/29, Rose Lane, Ganapathy, Coimbatore, 641006', '22', NULL),
('WJB3944550', 'Hari Krishnan', '1996-03-30', '8696749676', '85/40, Orchid Road, Ramanathapuram, Coimbatore, 641045', '95', NULL),
('WJB3944568', 'Hari Patel', '1997-10-08', '8625505503', '86/36, Daisy Lane, Vadavalli, Coimbatore, 641041', '83', NULL),
('WJB3944576', 'Hari Sundaram', '1996-07-04', '9235233536', '85/42, Orchid Road, Ramanathapuram, Coimbatore, 641045', '48', NULL),
('WJB3944584', 'Vinod Patel', '1988-07-15', '8605221058', '86/46, Daisy Lane, Vadavalli, Coimbatore, 641041', '15', NULL),
('WJB3944592', 'Santosh Krishnan', '1989-05-14', '8437327986', '72/38, Tulip Avenue, Singanallur, Coimbatore, 641005', '41', NULL),
('WJB3944600', 'Geetha Raghavan', '1991-05-20', '8668431950', '56/32, Orchid Road, Ramanathapuram, Coimbatore, 641045', '81', NULL),
('WJB3944618', 'Santosh Sundaram', '1992-04-15', '9314060879', '32/23, Marigold Crescent, Gandhipuram, Coimbatore, 641012', '66', NULL),
('WJB3944626', 'Ramesh Raman', '1994-08-29', '9966910976', '71/38, Rose Lane, Ganapathy, Coimbatore, 641006', '60', NULL),
('WJB3944634', 'Divya Sundaram', '1994-02-18', '9325571039', '60/44, Rose Lane, Ganapathy, Coimbatore, 641006', '10', NULL),
('WJB3944642', 'Hari Menon', '1991-10-08', '9016412703', '72/48, Tulip Avenue, Singanallur, Coimbatore, 641005', '5', NULL),
('WJB3944659', 'Priya Iyengar', '1991-05-03', '8481081599', '40/32, Lavender Road, Peelamedu, Coimbatore, 641087', '19', NULL),
('WJB3944675', 'Nalini Patel', '1999-12-31', '8665178389', '88/84, Daisy Lane, Vadavalli, Coimbatore, 641041', '43', NULL),
('WJB3945748', 'Hari Menon', '1988-10-10', '8898695177', '34/23, Marigold Crescent, Gandhipuram, Coimbatore, 641012', '93', NULL),
('WJB3945755', 'Divya Sundaram', '1994-03-11', '8091765452', '76/48, Aster Road, Saibaba Colony, Coimbatore, 641011', '46', NULL),
('WJB3945763', 'Santosh Krishnan', '1994-05-10', '8388514557', '86/150, Daisy Lane, Vadavalli, Coimbatore, 641041', '92', NULL),
('WJB3945771', 'Ramesh Raman', '1990-05-09', '9179348797', '60/36, Rose Lane, Ganapathy, Coimbatore, 641006', '47', NULL),
('WJB3945789', 'Geetha Raghavan', '1996-11-18', '8910929053', '85/46, Orchid Road, Ramanathapuram, Coimbatore, 641045', '4', NULL),
('WJB3945797', 'Hari Menon', '1995-09-05', '9298662024', '69/44, Rose Lane, Ganapathy, Coimbatore, 641006', '42', NULL),
('WJB3945805', 'Santosh Krishnan', '1989-03-23', '8398419900', '48/32, Lily Close, Tidel Park, Coimbatore, 641014', '97', NULL),
('WJB3945813', 'Santosh Sundaram', '1990-11-22', '8503446821', '44/32, Aster Road, Saibaba Colony, Coimbatore, 641011', '78', NULL),
('WJB3945821', 'Priya Iyengar', '1996-10-21', '8848868647', '46/36, Lavender Road, Peelamedu, Coimbatore, 641087', '57', NULL),
('wJB3945847', 'Nalini Patel', '1991-08-06', '9153028070', '45/34, Lily Close, Tidel Park, Coimbatore, 641014', '5', NULL),
('WJB3945854', 'Hari Verma', '1992-08-22', '9620058837', '60/40, Rose Lane, Ganapathy, Coimbatore, 641006', '48', NULL),
('WJB3945862', 'Ramesh Verma', '1995-01-21', '8798951566', '63/42, Lily Close, Tidel Park, Coimbatore, 641014', '59', NULL),
('WJB3945870', 'Sneha Raghavan', '1989-10-18', '8246060599', '71/44, Rose Lane, Ganapathy, Coimbatore, 641006', '82', NULL),
('WJB3945888', 'Divya Sundaram', '1995-07-16', '9128338196', '79/62, Daisy Lane, Vadavalli, Coimbatore, 641041', '46', NULL),
('WJB3945896', 'Ramesh Raman', '2001-08-01', '9970414669', '73/54, Aster Road, Saibaba Colony, Coimbatore, 641011', '78', NULL),
('WJB3945904', 'Vinod Patel', '1998-08-19', '8465267536', '87/96, Daisy Lane, Vadavalli, Coimbatore, 641041', '60', NULL),
('WJB3945912', 'Vinod Patel', '1998-03-10', '9844582253', '27/23, Sunflower Street, RS Puram, Coimbatore, 641002', '98', NULL),
('WJB3945920', 'Divya Sundaram', '1990-03-16', '8031024952', '70/46, Tulip Avenue, Singanallur, Coimbatore, 641005', '29', NULL),
('WJB3945938', 'Divya Sundaram', '1993-07-19', '9964155799', '76/52, Aster Road, Saibaba Colony, Coimbatore, 641011', '95', NULL),
('WJB3945946', 'Geetha Patel', '1991-03-20', '9822273027', '78/68, Aster Road, Saibaba Colony, Coimbatore, 641011', '67', NULL),
('WJB3945953', 'Nalini Patel', '1999-01-04', '9096755026', '27/25, Sunflower Street, RS Puram, Coimbatore, 641002', '33', NULL),
('WJB3945961', 'Ramesh Raman', '1992-02-27', '8274865188', '45/38, Lily Close, Tidel Park, Coimbatore, 641014', '84', NULL),
('WJB3945979', 'Priya Iyengar', '1996-04-10', '9663468478', '56/46, Orchid Road, Ramanathapuram, Coimbatore, 641045', '87', NULL),
('WJB3945987', 'Divya Sundaram', '1991-01-15', '9443847455', '35/26, Lavender Road, Peelamedu, Coimbatore, 641087', '97', NULL),
('WJB3945995', 'Vinod Iyengar', '1988-12-03', '9475906188', '71/48, Rose Lane, Ganapathy, Coimbatore, 641006', '83', NULL),
('WJB3946001', 'Santosh Sundaram', '1990-11-02', '8242526527', '54/38, Marigold Crescent, Gandhipuram, Coimbatore, 641012', '59', NULL),
('WJB3946019', 'Geetha Patel', '1998-10-14', '8306014163', '73/78, Aster Road, Saibaba Colony, Coimbatore, 641011', '18', NULL),
('WJB3946027', 'Vinod Patel', '1993-07-08', '8410930288', '70/48, Tulip Avenue, Singanallur, Coimbatore, 641005', '7', NULL),
('WJB3946035', 'Hari Verma', '1997-05-12', '9545356754', '30/28, Sunflower Street, RS Puram, Coimbatore, 641002', '28', NULL),
('WJB3946043', 'Divya Sundaram', '1997-11-13', '8311528190', '74/56, Tulip Avenue, Singanallur, Coimbatore, 641005', '12', NULL),
('WJB3946050', 'Nalini Patel', '1991-05-07', '9988699939', '41/36, Lavender Road, Peelamedu, Coimbatore, 641087', '94', NULL),
('WJB3946068', 'Nalini Patel', '1996-12-19', '8495925586', '30/30, Sunflower Street, RS Puram, Coimbatore, 641002', '4', NULL),
('WJB3946076', 'Hari Verma', '1994-11-28', '8366607771', '27/26, Sunflower Street, RS Puram, Coimbatore, 641002', '71', NULL),
('WJB3946084', 'Priya Iyengar', '1985-12-02', '9036113743', '74/78, Tulip Avenue, Singanallur, Coimbatore, 641005', '60', NULL),
('WJB3946092', 'Geetha Patel', '1983-07-17', '9569223846', '71/52, Rose Lane, Ganapathy, Coimbatore, 641006', '86', NULL),
('WJB3946100', 'Vinod Iyengar', '1987-05-18', '8505352192', '75/96, Aster Road, Saibaba Colony, Coimbatore, 641011', '32', NULL),
('WJB3946126', 'Vinod Patel', '1986-11-12', '9286432595', '73/220, Aster Road, Saibaba Colony, Coimbatore, 641011', '93', NULL),
('WJB3946134', 'Hari Verma', '1990-03-30', '8489986243', '65/60, Marigold Crescent, Gandhipuram, Coimbatore, 641012', '67', NULL),
('WJB3946142', 'Hari Menon', '1980-02-15', '8072368625', '74/220, Tulip Avenue, Singanallur, Coimbatore, 641005', '31', NULL),
('WJB3946159', 'Hari Verma', '1983-07-16', '9074099095', '72/70, Rose Lane, Ganapathy, Coimbatore, 641006', '94', NULL),
('WJB3946167', 'Sneha Raghavan', '1984-11-09', '9539563387', '73/72, Tulip Avenue, Singanallur, Coimbatore, 641005', '95', NULL),
('WJB4033387', 'Meera Patel', '1997-06-26', '8473772520', '66/17, Daisy Lane, Vadavalli, Coimbatore, 641041', '41', NULL),
('WJB4040341', 'Nalini Iyer', '1994-02-13', '8268054550', '48/15, Tulip Avenue, Singanallur, Coimbatore, 641005', '36', NULL),
('WJB4040739', 'Prasad Naidu', '1991-12-24', '9331719065', '45/11, Marigold Crescent, Gandhipuram, Coimbatore, 641012', '25', NULL),
('WJB4040762', 'Manoj Raman', '1998-06-09', '9847648703', '42/14, Marigold Crescent, Gandhipuram, Coimbatore, 641012', '44', NULL),
('WJB4041133', 'Kavitha Sundaram', '1991-05-09', '9025032472', '72/19, Tulip Avenue, Singanallur, Coimbatore, 641005', '57', NULL),
('WJB4041679', 'Sneha Iyengar', '1997-12-25', '8199534431', '87/25, Lily Close, Tidel Park, Coimbatore, 641014', '57', NULL),
('WJB4041703', 'Sneha Menon', '1988-05-15', '8328801271', '38/10, Tulip Avenue, Singanallur, Coimbatore, 641005', '75', NULL),
('WJB4041794', 'Hari Sundaram', '1997-03-03', '8304422796', '67/18, Lily Close, Tidel Park, Coimbatore, 641014', '1', NULL),
('WJB4083077', 'Geetha Patel', '1996-03-06', '9207987997', '60/42, Orchid Road, Ramanathapuram, Coimbatore, 641045', '47', NULL),
('WJB4083085', 'Nalini Iyengar', '1991-07-02', '8147340315', '56/27, Marigold Crescent, Gandhipuram, Coimbatore, 641012', '25', NULL),
('WJB4083093', 'Vinod Iyengar', '1979-04-13', '9335120324', '92/4200, Daisy Lane, Vadavalli, Coimbatore, 641041', '55', NULL),
('WJB4083101', 'Geetha Rajagopal', '1994-07-20', '8240680744', '29/19, Sunflower Street, RS Puram, Coimbatore, 641002', '57', NULL),
('WJB4083119', 'Sneha Patel', '1996-06-12', '9395114144', '51/26, Rose Lane, Ganapathy, Coimbatore, 641006', '20', NULL),
('WJB4083127', 'Priya Raghavan', '1997-08-29', '8389991560', '42/24, Lily Close, Tidel Park, Coimbatore, 641014', '39', NULL),
('WJB4083135', 'Sneha Raghavan', '1978-01-27', '8680295772', '79/1560, Daisy Lane, Vadavalli, Coimbatore, 641041', '62', NULL),
('WJB4083143', 'Divya Sundaram', '1978-06-02', '9453878504', '57/64, Orchid Road, Ramanathapuram, Coimbatore, 641045', '15', NULL),
('WJB4083150', 'Nalini Raghavan', '1990-09-06', '9100085784', '29/17, Sunflower Street, RS Puram, Coimbatore, 641002', '93', NULL),
('WJB4083168', 'Nalini Patel', '2001-02-12', '8187649321', '56/40, Marigold Crescent, Gandhipuram, Coimbatore, 641012', '69', NULL),
('WJB4083176', 'Sneha Raghavan', '1988-08-20', '9124698061', '69/34, Rose Lane, Ganapathy, Coimbatore, 641006', '37', NULL),
('WJB4083184', 'Santosh Krishnan', '1996-08-19', '9980053823', '85/56, Orchid Road, Ramanathapuram, Coimbatore, 641045', '56', NULL),
('WJB4083192', 'Santosh Krishnan', '1993-02-10', '8058774853', '33/36, Tulip Avenue, Singanallur, Coimbatore, 641005', '30', NULL),
('WJB4083200', 'Geetha Patel', '1981-02-27', '8760510783', '30/36, Sunflower Street, RS Puram, Coimbatore, 641002', '3', NULL),
('WJB4083218', 'Geetha Rajagopal', '1989-05-27', '8087419466', '60/22, Rose Lane, Ganapathy, Coimbatore, 641006', '53', NULL),
('WJB4083226', 'Santosh Patel', '1998-05-31', '8324209727', '75/38, Aster Road, Saibaba Colony, Coimbatore, 641011', '85', NULL),
('WJB4083242', 'Vinod Iyengar', '1997-08-08', '9444583831', '64/48, Rose Lane, Ganapathy, Coimbatore, 641006', '68', NULL),
('WJB4083259', 'Hari Menon', '1971-06-09', '9583715342', '63/68, Orchid Road, Ramanathapuram, Coimbatore, 641045', '6', NULL),
('WJB4083267', 'Deepak Pillai', '1998-11-10', '9837393168', '64/16, Rose Lane, Ganapathy, Coimbatore, 641006', '23', NULL),
('WJB4083275', 'Divya Sundaram', '1975-06-06', '9176485904', '40/40, Lavender Road, Peelamedu, Coimbatore, 641087', '69', NULL),
('WJB4083291', 'Divya Sundaram', '1991-02-18', '9955742524', '52/29, Tulip Avenue, Singanallur, Coimbatore, 641005', '13', NULL),
('WJB4083309', 'Nalini Patel', '1992-01-23', '8188454639', '69/28, Rose Lane, Ganapathy, Coimbatore, 641006', '26', NULL),
('WJB4083317', 'Santosh Iyengar', '1991-05-09', '8731883207', '32/19, Marigold Crescent, Gandhipuram, Coimbatore, 641012', '49', NULL),
('WJB4083325', 'Sneha Raghavan', '1993-12-05', '8569264128', '34/26, Marigold Crescent, Gandhipuram, Coimbatore, 641012', '8', NULL),
('WJB4121570', 'Priyanka Raghavan', '2001-09-27', '9890827193', '27/6, Sunflower Street, Gandhipuram, Coimbatore, 641012', '14', NULL),
('WJB4134417', 'Hari Verma', '1974-02-24', '8975044193', '31/30, Sunflower Street, RS Puram, Coimbatore, 641002', '93', NULL),
('WJB4134458', 'Vinod Patel', '1972-04-22', '8784273895', '57/52, Orchid Road, Ramanathapuram, Coimbatore, 641045', '6', NULL),
('WJB4134482', 'Ramesh Raman', '1975-07-07', '8233564575', '46/48, Lily Close, Tidel Park, Coimbatore, 641014', '85', NULL),
('WJB4134557', 'Sneha Raghavan', '1981-06-13', '9354534066', '86/520, Daisy Lane, Vadavalli, Coimbatore, 641041', '62', NULL),
('WJB4145835', 'Geetha Patel', '1984-12-22', '9502479480', '75/180, Aster Road, Saibaba Colony, Coimbatore, 641011', '1', NULL),
('WJB4145868', 'Vinod Patel', '1991-10-01', '8360995735', '56/50, Orchid Road, Ramanathapuram, Coimbatore, 641045', '43', NULL),
('WJB4146239', 'Santosh Sundaram', '1984-11-06', '8933338619', '76/78, Aster Road, Saibaba Colony, Coimbatore, 641011', '40', NULL),
('WJB4152658', 'Deepak Nair', '1998-11-20', '9300886364', '70/18, Rose Lane, Ganapathy, Coimbatore, 641006', '89', NULL),
('WJB4152682', 'Sangeeta Iyer', '2002-05-07', '8311243681', '88/21, Daisy Lane, Vadavalli, Coimbatore, 641041', '64', NULL),
('WJB4220216', 'Ramesh Verma', '1998-09-14', '9926303029', '28/25, Sunflower Street, RS Puram, Coimbatore, 641002', '68', NULL),
('WJB4226361', 'Hari Krishnan', '2002-01-16', '9570524969', '56/17, Rose Lane, Ganapathy, Coimbatore, 641006', '21', NULL),
('WJB4270070', 'Sneha Sundaram', '1992-03-09', '9904077254', '76/20, Orchid Road, Ramanathapuram, Coimbatore, 641045', '57', NULL),
('WJB4271045', 'Vikram Patel', '1993-01-17', '9277321577', '62/16, Marigold Crescent, Gandhipuram, Coimbatore, 641012', '69', NULL),
('WJB4271417', 'Nalini Sundaram', '1988-06-06', '9270561956', '59/18, Rose Lane, Ganapathy, Coimbatore, 641006', '55', NULL),
('WJB4272324', 'Kavitha Desai', '1994-01-28', '9442471625', '28/7, Sunflower Street, RS Puram, Coimbatore, 641002', '66', NULL),
('WJB4274734', 'Santosh Menon', '1996-04-06', '9462902883', '86/38, Daisy Lane, Vadavalli, Coimbatore, 641041', '97', NULL),
('WJB4275608', 'Hari Menon', '1983-07-12', '9032617818', '32/34, Marigold Crescent, Gandhipuram, Coimbatore, 641012', '61', NULL),
('WJB4275871', 'Divya Sundaram', '1990-07-15', '9204311868', '54/36, Marigold Crescent, Gandhipuram, Coimbatore, 641012', '5', NULL),
('WJB4276044', 'Vinod Patel', '1996-03-27', '8742972440', '46/60, Lily Close, Tidel Park, Coimbatore, 641014', '53', NULL),
('WJB4276788', 'Geetha Patel', '1991-12-09', '9195373748', '28/24, Sunflower Street, RS Puram, Coimbatore, 641002', '13', NULL),
('WJB4277059', 'Vinod Iyengar', '1993-11-17', '9095817573', '86/100, Daisy Lane, Vadavalli, Coimbatore, 641041', '37', NULL),
('WJB4277125', 'Sneha Raghavan', '1992-12-19', '9050298655', '52/38, Tulip Avenue, Singanallur, Coimbatore, 641005', '98', NULL),
('WJB4277372', 'Ramesh Patel', '1995-04-03', '8315331164', '45/14, Aster Road, Saibaba Colony, Coimbatore, 641011', '10', NULL),
('WJB4277489', 'Vinod Patel', '1981-10-24', '9861645906', '58/54, Orchid Road, Ramanathapuram, Coimbatore, 641045', '1', NULL),
('WJB4278081', 'Santosh Krishnan', '1997-10-12', '8136850367', '75/50, Aster Road, Saibaba Colony, Coimbatore, 641011', '17', NULL),
('WJB4284527', 'Krishnan Nair', '2002-03-29', '9917476930', '63/16, Daisy Lane, RS Puram, Coimbatore, 641002', '53', NULL),
('WJB4285896', 'Vinod Iyengar', '1998-07-02', '9590106377', '27/24, Sunflower Street, RS Puram, Coimbatore, 641002', '86', NULL),
('WJB4285912', 'Priya Iyengar', '1999-11-10', '8192944643', '63/46, Lily Close, Tidel Park, Coimbatore, 641014', '38', NULL),
('WJB4286605', 'Geetha Raghavan', '1992-09-01', '8856971515', '58/46, Orchid Road, Ramanathapuram, Coimbatore, 641045', '96', NULL),
('WJB4287264', 'Vinod Sundaram', '1996-07-06', '9915309879', '63/24, Lily Close, Tidel Park, Coimbatore, 641014', '11', NULL),
('WJB4288197', 'Revathi Naidu', '1990-12-27', '9671775276', '84/21, Lily Close, Tidel Park, Coimbatore, 641014', '59', NULL),
('WJB4289476', 'Sneha Raghavan', '1999-10-05', '9684527733', '90/780, Daisy Lane, Vadavalli, Coimbatore, 641041', '92', NULL),
('WJB4289666', 'Gopal Krishnan', '2002-02-20', '9468835811', '40/11, Aster Road, Saibaba Colony, Coimbatore, 641011', '24', NULL),
('WJB4289773', 'Raghav Naidu', '1996-07-02', '8977075878', '89/21, Lily Close, Tidel Park, Coimbatore, 641014', '30', NULL),
('WJB4289930', 'Maya Sundaram', '1998-12-30', '8066836302', '74/21, Orchid Road, Ramanathapuram, Coimbatore, 641045', '35', NULL),
('WJB4289997', 'Geetha Krishnan', '1996-11-17', '8951126749', '82/22, Lily Close, Tidel Park, Coimbatore, 641014', '69', NULL),
('WJB4290003', 'Divya Raman', '1990-10-09', '9277143785', '41/19, Lavender Road, Peelamedu, Coimbatore, 641087', '8', NULL),
('WJB4290045', 'Sneha Raghavan', '1977-01-13', '8247931095', '88/650, Daisy Lane, Vadavalli, Coimbatore, 641041', '62', NULL),
('WJB4290128', 'Priya Menon', '1991-12-22', '9450897584', '34/11, Aster Road, Saibaba Colony, Coimbatore, 641011', '7', NULL),
('WJB4292546', 'Vinod Iyengar', '1997-11-16', '8470334681', '81/24, Lily Close, Tidel Park, Coimbatore, 641014', '51', NULL),
('WJB4299657', 'Santosh Sundaram', '1971-11-08', '9105991126', '33/40, Tulip Avenue, Singanallur, Coimbatore, 641005', '41', NULL),
('WJB4299673', 'Priya Iyengar', '1992-12-13', '9078705224', '38/28, Lavender Road, Peelamedu, Coimbatore, 641087', '23', NULL),
('WJB4299681', 'Hari Menon', '1976-10-08', '9891052050', '35/34, Lavender Road, Peelamedu, Coimbatore, 641087', '100', NULL),
('WJB4299699', 'Hari Verma', '1991-01-10', '9388006299', '74/48, Tulip Avenue, Singanallur, Coimbatore, 641005', '7', NULL),
('WJB4299756', 'Geetha Patel', '1982-01-04', '9658448948', '57/56, Orchid Road, Ramanathapuram, Coimbatore, 641045', '14', NULL),
('WJB4299780', 'Priya Iyengar', '1983-12-15', '8281704882', '33/38, Tulip Avenue, Singanallur, Coimbatore, 641005', '27', NULL),
('WJB4299830', 'Ramesh Raman', '1993-02-05', '9388694382', '87/134, Daisy Lane, Vadavalli, Coimbatore, 641041', '43', NULL),
('WJB4299855', 'Nalini Menon', '2000-01-04', '8179477633', '44/20, Aster Road, Saibaba Colony, Coimbatore, 641011', '86', NULL),
('WJB4299871', 'Ramesh Verma', '1998-01-27', '9030970728', '54/36, Marigold Crescent, Gandhipuram, Coimbatore, 641012', '63', NULL),
('WJB4299921', 'Santosh Krishnan', '1981-02-28', '9973247825', '72/54, Tulip Avenue, Singanallur, Coimbatore, 641005', '56', NULL),
('WJB4299996', 'Sneha Patel', '1999-01-17', '9553311802', '60/31, Rose Lane, Ganapathy, Coimbatore, 641006', '41', NULL),
('WJB4300026', 'Santosh Sundaram', '1989-04-11', '9547148120', '60/32, Orchid Road, Ramanathapuram, Coimbatore, 641045', '75', NULL),
('WJB4300141', 'Priya Verma', '1993-10-27', '9827501103', '53/12, Lily Close, Tidel Park, Coimbatore, 641014', '59', NULL),
('WJB4300208', 'Ramesh Raman', '1992-12-23', '8864213953', '90/194, Daisy Lane, Vadavalli, Coimbatore, 641041', '52', NULL),
('WJB4300414', 'Sneha Raghavan', '1996-04-25', '9330101142', '31/26, Sunflower Street, RS Puram, Coimbatore, 641002', '81', NULL),
('WJB4300422', 'Sneha Raghavan', '1997-11-29', '9303526715', '79/96, Daisy Lane, Vadavalli, Coimbatore, 641041', '6', NULL),
('WJB4300448', 'Sneha Raghavan', '1980-01-05', '8902138374', '90/350, Daisy Lane, Vadavalli, Coimbatore, 641041', '59', NULL),
('WJB4300539', 'Santosh Krishnan', '1998-09-20', '9063864227', '34/28, Marigold Crescent, Gandhipuram, Coimbatore, 641012', '26', NULL),
('WJB4317749', 'Ramesh Verma', '1989-02-09', '8048233325', '73/112, Aster Road, Saibaba Colony, Coimbatore, 641011', '9', NULL),
('WJB4318200', 'Divya Sundaram', '1983-01-16', '9307770844', '56/62, Orchid Road, Ramanathapuram, Coimbatore, 641045', '22', NULL),
('WJB4321519', 'Karthik Iyer', '2000-08-29', '9521668617', '30/9, Sunflower Street, RS Puram, Coimbatore, 641002', '9', NULL),
('WJB4322053', 'Geetha Raghavan', '1988-11-27', '8037476896', '72/36, Tulip Avenue, Singanallur, Coimbatore, 641005', '6', NULL),
('WJB4322178', 'Nalini Rajan', '1990-06-19', '8234940472', '36/9, Sunflower Street, RS Puram, Coimbatore, 641002', '84', NULL),
('WJB4322632', 'Shanti Menon', '1989-05-29', '9367588063', '51/12, Tulip Avenue, Singanallur, Coimbatore, 641005', '66', NULL),
('WJB4323523', 'Nalini Patel', '1992-02-01', '8041727307', '33/44, Tulip Avenue, Singanallur, Coimbatore, 641005', '18', NULL),
('WJB4323663', 'Vinod Patel', '1980-01-24', '9493284592', '89/3900, Daisy Lane, Vadavalli, Coimbatore, 641041', '74', NULL),
('WJB4365474', 'Nalini Sundaram', '1992-10-16', '9574633614', '57/24, Orchid Road, Ramanathapuram, Coimbatore, 641045', '99', NULL),
('WJB4369005', 'Sneha Raghavan', '1977-07-15', '8319977436', '65/64, Marigold Crescent, Gandhipuram, Coimbatore, 641012', '55', NULL),
('WJB4386546', 'Santosh Krishnan', '1993-02-05', '9594833922', '40/36, Lavender Road, Peelamedu, Coimbatore, 641087', '68', NULL),
('WJB4395604', 'Vinod Patel', '1992-11-01', '9784712382', '30/25, Sunflower Street, RS Puram, Coimbatore, 641002', '39', NULL),
('WJB4395943', 'Sneha Patel', '2001-08-02', '9896549600', '72/40, Tulip Avenue, Singanallur, Coimbatore, 641005', '49', NULL),
('WJB4396404', 'Ramesh Raman', '1994-09-20', '8581727126', '54/46, Marigold Crescent, Gandhipuram, Coimbatore, 641012', '49', NULL),
('WJB4396701', 'Vinod Iyengar', '1988-05-27', '8366317858', '64/46, Rose Lane, Ganapathy, Coimbatore, 641006', '81', NULL),
('WJB4397485', 'Geetha Patel', '1998-01-23', '9000634347', '30/24, Sunflower Street, RS Puram, Coimbatore, 641002', '31', NULL),
('WJB4398111', 'Vinod Iyengar', '1998-08-09', '8109441505', '46/56, Lily Close, Tidel Park, Coimbatore, 641014', '94', NULL),
('WJB4398715', 'Divya Sharma', '1988-12-20', '8287705508', '53/15, Marigold Crescent, Gandhipuram, Coimbatore, 641012', '22', NULL),
('WJB4404349', 'Nalini Patel', '1990-07-04', '8545552792', '58/20, Rose Lane, Ganapathy, Coimbatore, 641006', '89', NULL),
('WJB4406666', 'Divya Sundaram', '1972-04-08', '8210860693', '59/68, Orchid Road, Ramanathapuram, Coimbatore, 641045', '95', NULL),
('WJB4409132', 'Ramesh Raman', '1992-10-10', '9951431291', '60/30, Orchid Road, Ramanathapuram, Coimbatore, 641045', '1', NULL),
('WJB4411625', 'Santosh Krishnan', '1993-09-08', '9826655839', '52/40, Tulip Avenue, Singanallur, Coimbatore, 641005', '94', NULL),
('WJB4417051', 'Hari Menon', '2000-08-08', '9990870866', '56/34, Orchid Road, Ramanathapuram, Coimbatore, 641045', '15', NULL),
('WJB4432977', 'Ramesh Raman', '1975-04-20', '9203403771', '87/1880, Daisy Lane, Vadavalli, Coimbatore, 641041', '14', NULL),
('WJB4445615', 'Santosh Sundaram', '1990-07-18', '9008855229', '45/24, Lily Close, Tidel Park, Coimbatore, 641014', '8', NULL),
('WJB4445649', 'Sangeeta Sundaram', '1992-11-09', '8076576133', '47/11, Daisy Lane, Vadavalli, Coimbatore, 641041', '98', NULL),
('WJB4445664', 'Arjun Menon', '1991-05-19', '8679169474', '72/18, Orchid Road, Ramanathapuram, Coimbatore, 641045', '66', NULL),
('WJB4445698', 'Nalini Verma', '1994-01-14', '9185478112', '60/18, Tulip Avenue, Singanallur, Coimbatore, 641005', '2', NULL),
('WJB4445714', 'Rajesh Iyer', '2000-01-09', '8508717715', '57/14, Lavender Road, Peelamedu, Coimbatore, 641087', '41', NULL),
('WJB4445722', 'Hari Nair', '1989-12-02', '9815646830', '78/20, Orchid Road, Ramanathapuram, Coimbatore, 641045', '6', NULL),
('WJB4445730', 'Ramesh Rajagopal', '1992-01-16', '8838683881', '73/20, Orchid Road, Ramanathapuram, Coimbatore, 641045', '61', NULL),
('WJB4452330', 'Priya Menon', '1996-08-23', '8655541514', '56/20, Orchid Road, Ramanathapuram, Coimbatore, 641045', '39', NULL),
('WJB4452405', 'Nalini Patel', '1988-05-06', '9460465030', '73/24, Aster Road, Saibaba Colony, Coimbatore, 641011', '67', NULL),
('WJB4456679', 'Ananya Sundaram', '1992-01-02', '8241113671', '68/17, Orchid Road, Ramanathapuram, Coimbatore, 641045', '83', NULL),
('WJB4458741', 'Nalini Patel', '1995-09-22', '8981704220', '76/72, Rose Lane, Ganapathy, Coimbatore, 641006', '69', NULL),
('WJB4458758', 'Sneha Raghavan', '1981-02-27', '9027284161', '75/74, Tulip Avenue, Singanallur, Coimbatore, 641005', '27', NULL),
('WJB4459020', 'Priya Iyer', '1994-07-26', '8449836636', '47/15, Lavender Road, Peelamedu, Coimbatore, 641087', '19', NULL),
('WJB4459483', 'Karthik Patel', '1988-03-25', '8742881006', '33/12, Sunflower Street, RS Puram, Coimbatore, 641002', '32', NULL),
('WJB4460556', 'Ramesh Venkat', '1998-05-03', '9809223019', '68/16, Daisy Lane, Peelamedu, Coimbatore, 641087', '80', NULL),
('WJB4470282', 'Sneha Raghavan', '1997-05-26', '9973900826', '70/21, Tulip Avenue, Singanallur, Coimbatore, 641005', '9', NULL),
('WJB4470324', 'Divya Raghavan', '1993-09-29', '9609953226', '85/23, Lily Close, Tidel Park, Coimbatore, 641014', '59', NULL),
('WJB4480554', 'Priya Patel', '1993-05-03', '8954431264', '70/28, Tulip Avenue, Singanallur, Coimbatore, 641005', '2', NULL),
('WJB4480620', 'Priya Raman', '2001-01-16', '8736372845', '52/21, Tulip Avenue, Singanallur, Coimbatore, 641005', '20', NULL),
('WJB4480786', 'Priya Iyengar', '1978-06-14', '8113636642', '58/60, Orchid Road, Ramanathapuram, Coimbatore, 641045', '65', NULL),
('WJB4480885', 'Nalini Patel', '1990-12-15', '8369739480', '31/28, Sunflower Street, RS Puram, Coimbatore, 641002', '54', NULL),
('WJB4486304', 'Sneha Raghavan', '1995-09-11', '8625093048', '32/36, Marigold Crescent, Gandhipuram, Coimbatore, 641012', '87', NULL),
('WJB4495123', 'Sneha Raghavan', '1979-04-03', '9801837894', '86/1120, Daisy Lane, Vadavalli, Coimbatore, 641041', '18', NULL),
('WJB4498168', 'Divya Sundaram', '1974-10-11', '8387290211', '46/50, Lavender Road, Peelamedu, Coimbatore, 641087', '13', NULL),
('WJB4500724', 'Karthik Verma', '1988-03-28', '8025481764', '33/14, Sunflower Street, RS Puram, Coimbatore, 641002', '96', NULL),
('WJB4512059', 'Anusha Patel', '1992-07-23', '9236751376', '59/14, Lily Close, Vadavalli, Coimbatore, 641041', '42', NULL),
('WJB4512125', 'Arvind Krishnan', '2000-02-28', '8092447229', '69/20, Lily Close, Tidel Park, Coimbatore, 641014', '20', NULL),
('WJB4512281', 'Deepa Iyer', '1997-03-12', '8551089074', '21/4, Rose Lane, Tidel Park, Coimbatore, 641014', '78', NULL),
('WJB4512729', 'Ananya Iyengar', '2001-10-04', '9250157085', '41/12, Marigold Crescent, Gandhipuram, Coimbatore, 641012', '2', NULL),
('WJB4512968', 'Anjali Iyer', '2002-04-07', '8589346858', '87/23, Lily Close, Tidel Park, Coimbatore, 641014', '23', NULL),
('WJB4513099', 'Arjun Iyer', '1993-07-07', '8955926988', '39/13, Aster Road, Saibaba Colony, Coimbatore, 641011', '90', NULL),
('WJB4521365', 'Arvind Rao', '1995-07-01', '9575264439', '57/17, Rose Lane, Ganapathy, Coimbatore, 641006', '38', NULL),
('WJB4521837', 'Prasad Desai', '1991-07-10', '8062157323', '34/9, Aster Road, Saibaba Colony, Coimbatore, 641011', '56', NULL),
('WJB4540043', 'Divya Iyengar', '1995-04-12', '9002802984', '66/24, Daisy Lane, Vadavalli, Coimbatore, 641041', '28', NULL),
('WJB4540050', 'Ramesh Patel', '1991-05-31', '9282060635', '55/19, Marigold Crescent, Gandhipuram, Coimbatore, 641012', '28', NULL),
('WJB4540175', 'Santosh Krishnan', '1988-09-19', '9391019234', '56/52, Marigold Crescent, Gandhipuram, Coimbatore, 641012', '82', NULL),
('WJB4543674', 'Arjun Rao', '1998-02-08', '9779587051', '53/16, Marigold Crescent, Gandhipuram, Coimbatore, 641012', '52', NULL),
('WJB4543682', 'Hari Raman', '1997-08-28', '8547991462', '63/19, Rose Lane, Ganapathy, Coimbatore, 641006', '22', NULL),
('WJB4544896', 'Santosh Rajagopal', '1991-09-21', '8214575098', '85/38, Orchid Road, Ramanathapuram, Coimbatore, 641045', '13', NULL),
('WJB4550018', 'Sneha Raghavan', '1993-07-17', '9146904026', '88/312, Daisy Lane, Vadavalli, Coimbatore, 641041', '49', NULL),
('WJB4553525', 'Vinod Iyengar', '1996-02-24', '8643142865', '29/24, Sunflower Street, RS Puram, Coimbatore, 641002', '85', NULL),
('WJB4554044', 'Ramesh Iyer', '1991-05-28', '8840395187', '29/11, Sunflower Street, RS Puram, Coimbatore, 641002', '88', NULL),
('WJB4554713', 'Santosh Sundaram', '1982-01-08', '9539732540', '87/2660, Daisy Lane, Vadavalli, Coimbatore, 641041', '58', NULL),
('WJB4555181', 'Nalini Patel', '1990-04-16', '9461665090', '46/58, Lavender Road, Peelamedu, Coimbatore, 641087', '38', NULL),
('WJB4555199', 'Santosh Sundaram', '1971-06-11', '9427752963', '88/2280, Daisy Lane, Vadavalli, Coimbatore, 641041', '74', NULL),
('WJB4555207', 'Ramesh Verma', '1987-12-20', '9292837255', '28/32, Sunflower Street, RS Puram, Coimbatore, 641002', '19', NULL),
('WJB4555223', 'Divya Sundaram', '1985-07-30', '8716203255', '64/62, Rose Lane, Ganapathy, Coimbatore, 641006', '42', NULL),
('WJB4558680', 'Geetha Verma', '2001-08-16', '8898854889', '75/24, Daisy Lane, Vadavalli, Coimbatore, 641041', '72', NULL),
('WJB4561890', 'Ramesh Verma', '1988-04-27', '8317781430', '46/42, Lily Close, Tidel Park, Coimbatore, 641014', '78', NULL),
('WJB4563128', 'Arvind Naidu', '2002-05-25', '9462172500', '77/23, Daisy Lane, Vadavalli, Coimbatore, 641041', '10', NULL),
('WJB4563193', 'Arvind Naidu', '2000-02-28', '8258600091', '68/22, Tulip Avenue, Singanallur, Coimbatore, 641005', '7', NULL),
('WJB4563367', 'Geetha Raghavan', '1989-12-02', '8693379344', '70/25, Tulip Avenue, Singanallur, Coimbatore, 641005', '75', NULL),
('WJB4568085', 'Hari Menon', '1994-06-19', '9737251702', '56/48, Marigold Crescent, Gandhipuram, Coimbatore, 641012', '95', NULL),
('WJB4573408', 'Priya Krishnan', '1991-07-08', '8741360136', '57/20, Marigold Crescent, Gandhipuram, Coimbatore, 641012', '19', NULL),
('WJB4574216', 'Ramesh Raman', '1988-09-07', '8398333448', '60/38, Orchid Road, Ramanathapuram, Coimbatore, 641045', '48', NULL),
('WJB4574562', 'Priya Verma', '1994-09-09', '8655278557', '41/18, Aster Road, Saibaba Colony, Coimbatore, 641011', '90', NULL),
('WJB4576831', 'Hari Verma', '1990-08-14', '8061357082', '68/66, Rose Lane, Ganapathy, Coimbatore, 641006', '97', NULL),
('WJB4578100', 'Nalini Verma', '1990-06-15', '8790072399', '55/17, Marigold Crescent, Gandhipuram, Coimbatore, 641012', '38', NULL),
('WJB4649315', 'Nalini Patel', '1978-01-26', '9913533328', '65/68, Orchid Road, Ramanathapuram, Coimbatore, 641045', '82', NULL),
('WJB4649323', 'Hari Menon', '1994-05-20', '9774671766', '81/420, Aster Road, Saibaba Colony, Coimbatore, 641011', '84', NULL),
('WJB4649331', 'Hari Verma', '1975-04-21', '8361881107', '64/68, Orchid Road, Ramanathapuram, Coimbatore, 641045', '70', NULL),
('WJB4649356', 'Divya Sundaram', '1983-07-11', '9768146539', '53/48, Lily Close, Tidel Park, Coimbatore, 641014', '36', NULL),
('WJB4649364', 'Divya Sundaram', '1982-11-05', '8573162585', '80/400, Aster Road, Saibaba Colony, Coimbatore, 641011', '100', NULL),
('WJB4649372', 'Santosh Krishnan', '1970-10-19', '8387140876', '94/4400, Daisy Lane, Vadavalli, Coimbatore, 641041', '50', NULL),
('WJB4649380', 'Vinod Iyengar', '1986-02-04', '8713913261', '32/38, Sunflower Street, RS Puram, Coimbatore, 641002', '100', NULL),
('WJB4649398', 'Priya Iyengar', '1990-03-30', '8858954999', '52/48, Lily Close, Tidel Park, Coimbatore, 641014', '76', NULL),
('WJB4649406', 'Geetha Patel', '1974-06-30', '9582493079', '40/42, Lavender Road, Peelamedu, Coimbatore, 641087', '32', NULL),
('WJB4649414', 'Ramesh Raman', '1980-12-14', '8221638397', '76/76, Tulip Avenue, Singanallur, Coimbatore, 641005', '42', NULL),
('WJB4649422', 'Sneha Raghavan', '1998-08-02', '8346979127', '78/72, Rose Lane, Ganapathy, Coimbatore, 641006', '51', NULL),
('WJB5584107', 'Nalini Patel', '1990-03-27', '8284406604', '88/176, Daisy Lane, Vadavalli, Coimbatore, 641041', '78', NULL),
('WJB6605901', 'Priya Iyengar', '1988-11-19', '8066046990', '77/320, Aster Road, Saibaba Colony, Coimbatore, 641011', '77', NULL),
('WJB6605919', 'Priya Iyengar', '1973-04-04', '8945030323', '88/3600, Daisy Lane, Vadavalli, Coimbatore, 641041', '60', NULL),
('WJB6605927', 'Vinod Patel', '1996-12-18', '8806422700', '29/36, Sunflower Street, RS Puram, Coimbatore, 641002', '100', NULL),
('WJB6605935', 'Santosh Sundaram', '1973-08-07', '8831681661', '33/40, Marigold Crescent, Gandhipuram, Coimbatore, 641012', '19', NULL),
('WJB6605943', 'Ramesh Verma', '1997-04-26', '9778974740', '37/48, Lavender Road, Peelamedu, Coimbatore, 641087', '71', NULL),
('WJB6605950', 'Sneha Raghavan', '1985-12-03', '9050329772', '71/68, Tulip Avenue, Singanallur, Coimbatore, 641005', '35', NULL),
('WJB6605968', 'Ramesh Verma', '1983-07-14', '8651326341', '56/64, Marigold Crescent, Gandhipuram, Coimbatore, 641012', '27', NULL),
('WJB6608327', 'Santosh Krishnan', '2001-01-25', '9817120731', '56/29, Marigold Crescent, Gandhipuram, Coimbatore, 641012', '59', NULL),
('WJB6611230', 'Santosh Sundaram', '1991-07-13', '9749428266', '48/36, Lily Close, Tidel Park, Coimbatore, 641014', '61', NULL),
('WJB7013238', 'Hari Menon', '1998-03-04', '9109313382', '41/26, Lavender Road, Peelamedu, Coimbatore, 641087', '98', NULL),
('WJB7013246', 'Sneha Raman', '1993-09-03', '8111285319', '74/38, Tulip Avenue, Singanallur, Coimbatore, 641005', '1', NULL),
('WJP0579060', 'Ramesh Verma', '1994-04-26', '8701654359', '90/116, Daisy Lane, Vadavalli, Coimbatore, 641041', '94', NULL),
('WRM2434348', 'Geetha Patel', '1995-09-22', '8269718891', '49/20, Rose Lane, Ganapathy, Coimbatore, 641006', '32', NULL),
('WTD1120567', 'Divya Patel', '1988-05-30', '9530349103', '80/28, Daisy Lane, Vadavalli, Coimbatore, 641041', '29', NULL),
('WTD1425123', 'Ramesh Verma', '1998-09-13', '8464347834', '36/18, Lavender Road, Peelamedu, Coimbatore, 641087', '28', NULL),
('wuB0226548', 'Divya Sundaram', '1987-05-17', '8035749362', '74/340, Aster Road, Saibaba Colony, Coimbatore, 641011', '2', NULL),
('YII2169175', 'Hari Rajagopal', '1993-04-22', '9623901720', '38/18, Lavender Road, Peelamedu, Coimbatore, 641087', '98', NULL),
('ZNC0585182', 'Sneha Raghavan', '1972-06-19', '8441842837', '90/1680, Daisy Lane, Vadavalli, Coimbatore, 641041', '81', NULL);

-- --------------------------------------------------------

--
-- Table structure for table `ward`
--

CREATE TABLE `ward` (
  `wardno` varchar(3) NOT NULL,
  `accno` varchar(3) NOT NULL
) ENGINE=InnoDB DEFAULT CHARSET=utf8mb4 COLLATE=utf8mb4_general_ci;

--
-- Dumping data for table `ward`
--

INSERT INTO `ward` (`wardno`, `accno`) VALUES
('1', '111'),
('10', '111'),
('2', '111'),
('3', '111'),
('4', '111'),
('5', '111'),
('6', '111'),
('7', '111'),
('8', '111'),
('9', '111'),
('11', '116'),
('12', '116'),
('13', '116'),
('14', '116'),
('15', '116'),
('16', '116'),
('17', '116'),
('18', '116'),
('19', '116'),
('20', '116'),
('21', '117'),
('22', '117'),
('23', '117'),
('24', '117'),
('25', '117'),
('26', '117'),
('27', '117'),
('28', '117'),
('29', '117'),
('30', '117'),
('31', '118'),
('32', '118'),
('33', '118'),
('34', '118'),
('35', '118'),
('36', '118'),
('37', '118'),
('38', '118'),
('39', '118'),
('40', '118'),
('41', '119'),
('42', '119'),
('43', '119'),
('44', '119'),
('45', '119'),
('46', '119'),
('47', '119'),
('48', '119'),
('49', '119'),
('50', '119'),
('51', '120'),
('52', '120'),
('53', '120'),
('54', '120'),
('55', '120'),
('56', '120'),
('57', '120'),
('58', '120'),
('59', '120'),
('60', '120'),
('61', '121'),
('62', '121'),
('63', '121'),
('64', '121'),
('65', '121'),
('66', '121'),
('67', '121'),
('68', '121'),
('69', '121'),
('70', '121'),
('71', '122'),
('72', '122'),
('73', '122'),
('74', '122'),
('75', '122'),
('76', '122'),
('77', '122'),
('78', '122'),
('79', '122'),
('80', '122'),
('81', '123'),
('82', '123'),
('83', '123'),
('84', '123'),
('85', '123'),
('86', '123'),
('87', '123'),
('88', '123'),
('89', '123'),
('90', '123'),
('100', '124'),
('91', '124'),
('92', '124'),
('93', '124'),
('94', '124'),
('95', '124'),
('96', '124'),
('97', '124'),
('98', '124'),
('99', '124');

--
-- Indexes for dumped tables
--

--
-- Indexes for table `acc`
--
ALTER TABLE `acc`
  ADD PRIMARY KEY (`Accno`);

--
-- Indexes for table `candidate`
--
ALTER TABLE `candidate`
  ADD KEY `Epicid` (`Epicid`),
  ADD KEY `accno` (`accno`);

--
-- Indexes for table `voters`
--
ALTER TABLE `voters`
  ADD PRIMARY KEY (`Epicid`),
  ADD KEY `wardno` (`wardno`);

--
-- Indexes for table `ward`
--
ALTER TABLE `ward`
  ADD PRIMARY KEY (`wardno`),
  ADD KEY `acno` (`accno`);

--
-- Constraints for dumped tables
--

--
-- Constraints for table `candidate`
--
ALTER TABLE `candidate`
  ADD CONSTRAINT `candidate_ibfk_1` FOREIGN KEY (`Epicid`) REFERENCES `voters` (`Epicid`),
  ADD CONSTRAINT `candidate_ibfk_2` FOREIGN KEY (`accno`) REFERENCES `acc` (`Accno`);

--
-- Constraints for table `voters`
--
ALTER TABLE `voters`
  ADD CONSTRAINT `voters_ibfk_1` FOREIGN KEY (`wardno`) REFERENCES `ward` (`wardno`);

--
-- Constraints for table `ward`
--
ALTER TABLE `ward`
  ADD CONSTRAINT `ward_ibfk_1` FOREIGN KEY (`accno`) REFERENCES `acc` (`Accno`);
COMMIT;

/*!40101 SET CHARACTER_SET_CLIENT=@OLD_CHARACTER_SET_CLIENT */;
/*!40101 SET CHARACTER_SET_RESULTS=@OLD_CHARACTER_SET_RESULTS */;
/*!40101 SET COLLATION_CONNECTION=@OLD_COLLATION_CONNECTION */;
